Assembly constituency name,Age group,Total deletions,Reason for deletion,Male deletions,Female deletions,Gender imbalance in pct
Valmiki Nagar,18-29,252,Deceased,127,125,-0.79
Valmiki Nagar,30-44,"1,288",Deceased,671,617,-4.19
Valmiki Nagar,45-60,"2,533",Deceased,"1,322","1,211",-4.38
Valmiki Nagar,61-75,"3,521",Deceased,"1,757","1,764",0.2
Valmiki Nagar,75+,"2,161",Deceased,"1,051","1,110",2.73
Valmiki Nagar,18-29,790,Duplicate enrolment,383,407,3.04
Valmiki Nagar,30-44,"1,390",Duplicate enrolment,715,675,-2.88
Valmiki Nagar,45-60,463,Duplicate enrolment,237,226,-2.38
Valmiki Nagar,61-75,149,Duplicate enrolment,67,82,10.07
Valmiki Nagar,75+,39,Duplicate enrolment,15,24,23.08
Valmiki Nagar,18-29,"2,719",Permanently shifted,880,"1,839",35.27
Valmiki Nagar,30-44,"5,780",Permanently shifted,"2,497","3,283",13.6
Valmiki Nagar,45-60,"3,222",Permanently shifted,"1,693","1,529",-5.09
Valmiki Nagar,61-75,"1,009",Permanently shifted,490,519,2.87
Valmiki Nagar,75+,278,Permanently shifted,117,161,15.83
Valmiki Nagar,18-29,734,Untraceable,286,448,22.07
Valmiki Nagar,30-44,"1,533",Untraceable,769,764,-0.33
Valmiki Nagar,45-60,750,Untraceable,364,386,2.93
Valmiki Nagar,61-75,220,Untraceable,117,103,-6.36
Valmiki Nagar,75+,77,Untraceable,31,46,19.48
Ramnagar (SC),18-29,319,Deceased,163,156,-2.19
Ramnagar (SC),30-44,"1,415",Deceased,681,734,3.75
Ramnagar (SC),45-60,"2,777",Deceased,"1,386","1,391",0.18
Ramnagar (SC),61-75,"3,901",Deceased,"2,006","1,895",-2.85
Ramnagar (SC),75+,"2,199",Deceased,"1,031","1,168",6.23
Ramnagar (SC),18-29,772,Duplicate enrolment,407,365,-5.44
Ramnagar (SC),30-44,"1,363",Duplicate enrolment,719,644,-5.5
Ramnagar (SC),45-60,560,Duplicate enrolment,262,298,6.43
Ramnagar (SC),61-75,139,Duplicate enrolment,74,65,-6.47
Ramnagar (SC),75+,31,Duplicate enrolment,10,21,35.48
Ramnagar (SC),18-29,"2,617",Permanently shifted,820,"1,797",37.33
Ramnagar (SC),30-44,"5,426",Permanently shifted,"2,226","3,200",17.95
Ramnagar (SC),45-60,"3,069",Permanently shifted,"1,570","1,499",-2.31
Ramnagar (SC),61-75,996,Permanently shifted,542,454,-8.84
Ramnagar (SC),75+,205,Permanently shifted,96,109,6.34
Ramnagar (SC),18-29,622,Untraceable,317,305,-1.93
Ramnagar (SC),30-44,942,Untraceable,437,505,7.22
Ramnagar (SC),45-60,368,Untraceable,193,175,-4.89
Ramnagar (SC),61-75,128,Untraceable,69,59,-7.81
Ramnagar (SC),75+,44,Untraceable,23,21,-4.55
Narkatiaganj,18-29,189,Deceased,82,107,13.23
Narkatiaganj,30-44,658,Deceased,303,355,7.9
Narkatiaganj,45-60,"1,105",Deceased,495,610,10.41
Narkatiaganj,61-75,"1,721",Deceased,800,921,7.03
Narkatiaganj,75+,934,Deceased,429,505,8.14
Narkatiaganj,18-29,789,Duplicate enrolment,381,408,3.42
Narkatiaganj,30-44,887,Duplicate enrolment,463,424,-4.4
Narkatiaganj,45-60,317,Duplicate enrolment,149,168,5.99
Narkatiaganj,61-75,92,Duplicate enrolment,44,48,4.35
Narkatiaganj,75+,24,Duplicate enrolment,10,14,16.67
Narkatiaganj,18-29,"2,407",Permanently shifted,867,"1,540",27.96
Narkatiaganj,30-44,"3,561",Permanently shifted,"1,469","2,092",17.5
Narkatiaganj,45-60,"1,475",Permanently shifted,724,751,1.83
Narkatiaganj,61-75,488,Permanently shifted,265,223,-8.61
Narkatiaganj,75+,121,Permanently shifted,50,71,17.36
Narkatiaganj,18-29,"1,062",Untraceable,481,581,9.42
Narkatiaganj,30-44,"1,231",Untraceable,551,680,10.48
Narkatiaganj,45-60,455,Untraceable,232,223,-1.98
Narkatiaganj,61-75,159,Untraceable,68,91,14.47
Narkatiaganj,75+,51,Untraceable,13,38,49.02
Bagaha,18-29,312,Deceased,151,161,3.21
Bagaha,30-44,"1,205",Deceased,667,538,-10.71
Bagaha,45-60,"2,460",Deceased,"1,263","1,197",-2.68
Bagaha,61-75,"3,665",Deceased,"1,887","1,778",-2.97
Bagaha,75+,"2,111",Deceased,"1,039","1,072",1.56
Bagaha,18-29,888,Duplicate enrolment,404,484,9.01
Bagaha,30-44,998,Duplicate enrolment,496,502,0.6
Bagaha,45-60,316,Duplicate enrolment,167,149,-5.7
Bagaha,61-75,125,Duplicate enrolment,56,69,10.4
Bagaha,75+,31,Duplicate enrolment,15,16,3.23
Bagaha,18-29,"2,313",Permanently shifted,698,"1,615",39.65
Bagaha,30-44,"3,881",Permanently shifted,"1,578","2,303",18.68
Bagaha,45-60,"1,909",Permanently shifted,"1,044",865,-9.38
Bagaha,61-75,545,Permanently shifted,286,259,-4.95
Bagaha,75+,115,Permanently shifted,56,59,2.61
Bagaha,18-29,719,Untraceable,335,384,6.82
Bagaha,30-44,947,Untraceable,469,478,0.95
Bagaha,45-60,451,Untraceable,229,222,-1.55
Bagaha,61-75,206,Untraceable,108,98,-4.85
Bagaha,75+,42,Untraceable,20,22,4.76
Lauriya,18-29,264,Deceased,108,156,18.18
Lauriya,30-44,"1,294",Deceased,597,697,7.73
Lauriya,45-60,"2,042",Deceased,919,"1,123",9.99
Lauriya,61-75,"2,989",Deceased,"1,308","1,681",12.48
Lauriya,75+,"1,490",Deceased,666,824,10.6
Lauriya,18-29,"1,264",Duplicate enrolment,549,715,13.13
Lauriya,30-44,"1,686",Duplicate enrolment,867,819,-2.85
Lauriya,45-60,408,Duplicate enrolment,180,228,11.76
Lauriya,61-75,144,Duplicate enrolment,71,73,1.39
Lauriya,75+,24,Duplicate enrolment,10,14,16.67
Lauriya,18-29,"2,743",Permanently shifted,728,"2,015",46.92
Lauriya,30-44,"5,642",Permanently shifted,"2,394","3,248",15.14
Lauriya,45-60,"2,429",Permanently shifted,"1,269","1,160",-4.49
Lauriya,61-75,715,Permanently shifted,353,362,1.26
Lauriya,75+,175,Permanently shifted,71,104,18.86
Lauriya,18-29,769,Untraceable,278,491,27.7
Lauriya,30-44,"1,436",Untraceable,621,815,13.51
Lauriya,45-60,496,Untraceable,232,264,6.45
Lauriya,61-75,174,Untraceable,71,103,18.39
Lauriya,75+,43,Untraceable,18,25,16.28
Nautan,18-29,220,Deceased,104,116,5.45
Nautan,30-44,"1,120",Deceased,615,505,-9.82
Nautan,45-60,"1,885",Deceased,947,938,-0.48
Nautan,61-75,"3,363",Deceased,"1,643","1,720",2.29
Nautan,75+,"1,563",Deceased,753,810,3.65
Nautan,18-29,463,Duplicate enrolment,249,214,-7.56
Nautan,30-44,912,Duplicate enrolment,512,400,-12.28
Nautan,45-60,248,Duplicate enrolment,122,126,1.61
Nautan,61-75,98,Duplicate enrolment,50,48,-2.04
Nautan,75+,12,Duplicate enrolment,8,4,-33.33
Nautan,18-29,"1,296",Permanently shifted,382,914,41.05
Nautan,30-44,"3,249",Permanently shifted,"1,450","1,799",10.74
Nautan,45-60,"1,504",Permanently shifted,772,732,-2.66
Nautan,61-75,494,Permanently shifted,250,244,-1.21
Nautan,75+,92,Permanently shifted,50,42,-8.7
Nautan,18-29,285,Untraceable,135,150,5.26
Nautan,30-44,555,Untraceable,255,300,8.11
Nautan,45-60,225,Untraceable,114,111,-1.33
Nautan,61-75,76,Untraceable,25,51,34.21
Nautan,75+,13,Untraceable,6,7,7.69
Chanpatia,18-29,167,Deceased,73,94,12.57
Chanpatia,30-44,842,Deceased,394,448,6.41
Chanpatia,45-60,"1,498",Deceased,684,814,8.68
Chanpatia,61-75,"2,428",Deceased,"1,076","1,352",11.37
Chanpatia,75+,"1,214",Deceased,533,681,12.19
Chanpatia,18-29,442,Duplicate enrolment,213,229,3.62
Chanpatia,30-44,681,Duplicate enrolment,358,323,-5.14
Chanpatia,45-60,211,Duplicate enrolment,105,106,0.47
Chanpatia,61-75,52,Duplicate enrolment,23,29,11.54
Chanpatia,75+,12,Duplicate enrolment,6,6,0
Chanpatia,18-29,"1,228",Permanently shifted,384,844,37.46
Chanpatia,30-44,"2,307",Permanently shifted,970,"1,337",15.91
Chanpatia,45-60,989,Permanently shifted,507,482,-2.53
Chanpatia,61-75,259,Permanently shifted,125,134,3.47
Chanpatia,75+,49,Permanently shifted,25,24,-2.04
Chanpatia,18-29,323,Untraceable,143,180,11.46
Chanpatia,30-44,551,Untraceable,279,272,-1.27
Chanpatia,45-60,243,Untraceable,126,117,-3.7
Chanpatia,61-75,73,Untraceable,25,48,31.51
Chanpatia,75+,14,Untraceable,6,8,14.29
Bettiah,18-29,241,Deceased,125,116,-3.73
Bettiah,30-44,"1,440",Deceased,827,613,-14.86
Bettiah,45-60,"2,571",Deceased,"1,331","1,240",-3.54
Bettiah,61-75,"3,570",Deceased,"1,736","1,834",2.75
Bettiah,75+,"2,016",Deceased,"1,018",998,-0.99
Bettiah,18-29,623,Duplicate enrolment,303,320,2.73
Bettiah,30-44,"1,062",Duplicate enrolment,611,451,-15.07
Bettiah,45-60,369,Duplicate enrolment,188,181,-1.9
Bettiah,61-75,115,Duplicate enrolment,51,64,11.3
Bettiah,75+,19,Duplicate enrolment,12,7,-26.32
Bettiah,18-29,765,Permanently shifted,250,515,34.64
Bettiah,30-44,"1,866",Permanently shifted,834,"1,032",10.61
Bettiah,45-60,"1,008",Permanently shifted,539,469,-6.94
Bettiah,61-75,288,Permanently shifted,163,125,-13.19
Bettiah,75+,58,Permanently shifted,31,27,-6.9
Bettiah,18-29,219,Untraceable,110,109,-0.46
Bettiah,30-44,488,Untraceable,254,234,-4.1
Bettiah,45-60,163,Untraceable,79,84,3.07
Bettiah,61-75,71,Untraceable,34,37,4.23
Bettiah,75+,23,Untraceable,3,20,73.91
Sikta,18-29,216,Deceased,85,131,21.3
Sikta,30-44,855,Deceased,358,497,16.26
Sikta,45-60,"1,141",Deceased,486,655,14.81
Sikta,61-75,"1,872",Deceased,824,"1,048",11.97
Sikta,75+,789,Deceased,314,475,20.41
Sikta,18-29,977,Duplicate enrolment,531,446,-8.7
Sikta,30-44,"1,082",Duplicate enrolment,582,500,-7.58
Sikta,45-60,310,Duplicate enrolment,144,166,7.1
Sikta,61-75,104,Duplicate enrolment,49,55,5.77
Sikta,75+,16,Duplicate enrolment,8,8,0
Sikta,18-29,"2,778",Permanently shifted,"1,037","1,741",25.34
Sikta,30-44,"3,403",Permanently shifted,"1,416","1,987",16.78
Sikta,45-60,"1,244",Permanently shifted,588,656,5.47
Sikta,61-75,375,Permanently shifted,165,210,12
Sikta,75+,74,Permanently shifted,30,44,18.92
Sikta,18-29,"1,589",Untraceable,736,853,7.36
Sikta,30-44,"1,548",Untraceable,661,887,14.6
Sikta,45-60,461,Untraceable,218,243,5.42
Sikta,61-75,177,Untraceable,73,104,17.51
Sikta,75+,39,Untraceable,13,26,33.33
Raxaul,18-29,345,Deceased,167,178,3.19
Raxaul,30-44,"1,023",Deceased,531,492,-3.81
Raxaul,45-60,"1,739",Deceased,766,973,11.9
Raxaul,61-75,"2,759",Deceased,"1,274","1,485",7.65
Raxaul,75+,"1,369",Deceased,652,717,4.75
Raxaul,18-29,"1,005",Duplicate enrolment,452,553,10.05
Raxaul,30-44,"1,081",Duplicate enrolment,506,575,6.38
Raxaul,45-60,278,Duplicate enrolment,131,147,5.76
Raxaul,61-75,66,Duplicate enrolment,32,34,3.03
Raxaul,75+,13,Duplicate enrolment,3,10,53.85
Raxaul,18-29,"2,008",Permanently shifted,697,"1,311",30.58
Raxaul,30-44,"3,309",Permanently shifted,"1,499","1,810",9.4
Raxaul,45-60,"1,675",Permanently shifted,893,782,-6.63
Raxaul,61-75,500,Permanently shifted,257,243,-2.8
Raxaul,75+,100,Permanently shifted,47,53,6
Raxaul,18-29,"1,284",Untraceable,541,743,15.73
Raxaul,30-44,"1,813",Untraceable,796,"1,017",12.19
Raxaul,45-60,822,Untraceable,404,418,1.7
Raxaul,61-75,243,Untraceable,99,144,18.52
Raxaul,75+,56,Untraceable,18,38,35.71
Sugauli,18-29,264,Deceased,105,159,20.45
Sugauli,30-44,998,Deceased,446,552,10.62
Sugauli,45-60,"1,699",Deceased,713,986,16.07
Sugauli,61-75,"2,666",Deceased,"1,122","1,544",15.83
Sugauli,75+,"1,548",Deceased,605,943,21.83
Sugauli,18-29,739,Duplicate enrolment,356,383,3.65
Sugauli,30-44,"1,345",Duplicate enrolment,718,627,-6.77
Sugauli,45-60,387,Duplicate enrolment,190,197,1.81
Sugauli,61-75,98,Duplicate enrolment,53,45,-8.16
Sugauli,75+,14,Duplicate enrolment,11,3,-57.14
Sugauli,18-29,"1,588",Permanently shifted,421,"1,167",46.98
Sugauli,30-44,"3,297",Permanently shifted,"1,331","1,966",19.26
Sugauli,45-60,"1,665",Permanently shifted,791,874,4.98
Sugauli,61-75,446,Permanently shifted,224,222,-0.45
Sugauli,75+,126,Permanently shifted,51,75,19.05
Sugauli,18-29,698,Untraceable,316,382,9.46
Sugauli,30-44,"1,471",Untraceable,651,820,11.49
Sugauli,45-60,653,Untraceable,326,327,0.15
Sugauli,61-75,205,Untraceable,90,115,12.2
Sugauli,75+,74,Untraceable,27,47,27.03
Narkatia,18-29,395,Deceased,206,189,-4.3
Narkatia,30-44,"1,307",Deceased,706,601,-8.03
Narkatia,45-60,"2,603",Deceased,"1,222","1,381",6.11
Narkatia,61-75,"4,149",Deceased,"1,957","2,192",5.66
Narkatia,75+,"2,331",Deceased,"1,087","1,244",6.74
Narkatia,18-29,"1,237",Duplicate enrolment,636,601,-2.83
Narkatia,30-44,"1,324",Duplicate enrolment,670,654,-1.21
Narkatia,45-60,367,Duplicate enrolment,179,188,2.45
Narkatia,61-75,78,Duplicate enrolment,28,50,28.21
Narkatia,75+,27,Duplicate enrolment,12,15,11.11
Narkatia,18-29,"2,107",Permanently shifted,686,"1,421",34.88
Narkatia,30-44,"3,010",Permanently shifted,"1,268","1,742",15.75
Narkatia,45-60,"1,573",Permanently shifted,809,764,-2.86
Narkatia,61-75,451,Permanently shifted,224,227,0.67
Narkatia,75+,82,Permanently shifted,37,45,9.76
Narkatia,18-29,700,Untraceable,311,389,11.14
Narkatia,30-44,784,Untraceable,363,421,7.4
Narkatia,45-60,260,Untraceable,137,123,-5.38
Narkatia,61-75,79,Untraceable,32,47,18.99
Narkatia,75+,29,Untraceable,13,16,10.34
Harsidhi (SC),18-29,311,Deceased,122,189,21.54
Harsidhi (SC),30-44,847,Deceased,393,454,7.2
Harsidhi (SC),45-60,"1,634",Deceased,711,923,12.97
Harsidhi (SC),61-75,"2,186",Deceased,966,"1,220",11.62
Harsidhi (SC),75+,"1,178",Deceased,498,680,15.45
Harsidhi (SC),18-29,696,Duplicate enrolment,280,416,19.54
Harsidhi (SC),30-44,816,Duplicate enrolment,385,431,5.64
Harsidhi (SC),45-60,155,Duplicate enrolment,58,97,25.16
Harsidhi (SC),61-75,38,Duplicate enrolment,12,26,36.84
Harsidhi (SC),75+,2,Duplicate enrolment,1,1,0
Harsidhi (SC),18-29,"2,385",Permanently shifted,496,"1,889",58.41
Harsidhi (SC),30-44,"2,978",Permanently shifted,"1,140","1,838",23.44
Harsidhi (SC),45-60,"1,580",Permanently shifted,775,805,1.9
Harsidhi (SC),61-75,420,Permanently shifted,195,225,7.14
Harsidhi (SC),75+,92,Permanently shifted,44,48,4.35
Harsidhi (SC),18-29,764,Untraceable,264,500,30.89
Harsidhi (SC),30-44,859,Untraceable,352,507,18.04
Harsidhi (SC),45-60,280,Untraceable,119,161,15
Harsidhi (SC),61-75,85,Untraceable,35,50,17.65
Harsidhi (SC),75+,29,Untraceable,16,13,-10.34
Govindganj,18-29,247,Deceased,116,131,6.07
Govindganj,30-44,970,Deceased,464,506,4.33
Govindganj,45-60,"1,888",Deceased,848,"1,040",10.17
Govindganj,61-75,"3,003",Deceased,"1,278","1,725",14.89
Govindganj,75+,"2,048",Deceased,837,"1,211",18.26
Govindganj,18-29,"1,209",Duplicate enrolment,539,670,10.84
Govindganj,30-44,"2,096",Duplicate enrolment,"1,056","1,040",-0.76
Govindganj,45-60,685,Duplicate enrolment,312,373,8.91
Govindganj,61-75,183,Duplicate enrolment,76,107,16.94
Govindganj,75+,39,Duplicate enrolment,18,21,7.69
Govindganj,18-29,"3,120",Permanently shifted,728,"2,392",53.33
Govindganj,30-44,"4,249",Permanently shifted,"1,595","2,654",24.92
Govindganj,45-60,"2,621",Permanently shifted,"1,304","1,317",0.5
Govindganj,61-75,829,Permanently shifted,374,455,9.77
Govindganj,75+,212,Permanently shifted,94,118,11.32
Govindganj,18-29,"1,532",Untraceable,604,928,21.15
Govindganj,30-44,"2,114",Untraceable,881,"1,233",16.65
Govindganj,45-60,"1,054",Untraceable,493,561,6.45
Govindganj,61-75,358,Untraceable,138,220,22.91
Govindganj,75+,91,Untraceable,50,41,-9.89
Kesaria,18-29,312,Deceased,141,171,9.62
Kesaria,30-44,908,Deceased,418,490,7.93
Kesaria,45-60,"1,925",Deceased,921,"1,004",4.31
Kesaria,61-75,"2,908",Deceased,"1,373","1,535",5.57
Kesaria,75+,"2,152",Deceased,"1,018","1,134",5.39
Kesaria,18-29,949,Duplicate enrolment,464,485,2.21
Kesaria,30-44,"1,461",Duplicate enrolment,725,736,0.75
Kesaria,45-60,496,Duplicate enrolment,215,281,13.31
Kesaria,61-75,137,Duplicate enrolment,61,76,10.95
Kesaria,75+,25,Duplicate enrolment,11,14,12
Kesaria,18-29,"2,250",Permanently shifted,481,"1,769",57.24
Kesaria,30-44,"3,019",Permanently shifted,"1,174","1,845",22.23
Kesaria,45-60,"1,878",Permanently shifted,945,933,-0.64
Kesaria,61-75,593,Permanently shifted,297,296,-0.17
Kesaria,75+,126,Permanently shifted,57,69,9.52
Kesaria,18-29,"1,483",Untraceable,524,959,29.33
Kesaria,30-44,"2,505",Untraceable,"1,177","1,328",6.03
Kesaria,45-60,"1,398",Untraceable,660,738,5.58
Kesaria,61-75,475,Untraceable,209,266,12
Kesaria,75+,163,Untraceable,58,105,28.83
Kalyanpur,18-29,265,Deceased,107,158,19.25
Kalyanpur,30-44,942,Deceased,484,458,-2.76
Kalyanpur,45-60,"1,736",Deceased,817,919,5.88
Kalyanpur,61-75,"2,640",Deceased,"1,264","1,376",4.24
Kalyanpur,75+,"1,776",Deceased,816,960,8.11
Kalyanpur,18-29,854,Duplicate enrolment,397,457,7.03
Kalyanpur,30-44,"1,632",Duplicate enrolment,880,752,-7.84
Kalyanpur,45-60,522,Duplicate enrolment,257,265,1.53
Kalyanpur,61-75,132,Duplicate enrolment,58,74,12.12
Kalyanpur,75+,30,Duplicate enrolment,15,15,0
Kalyanpur,18-29,"1,976",Permanently shifted,431,"1,545",56.38
Kalyanpur,30-44,"3,468",Permanently shifted,"1,291","2,177",25.55
Kalyanpur,45-60,"1,900",Permanently shifted,917,983,3.47
Kalyanpur,61-75,544,Permanently shifted,266,278,2.21
Kalyanpur,75+,111,Permanently shifted,47,64,15.32
Kalyanpur,18-29,948,Untraceable,341,607,28.06
Kalyanpur,30-44,"1,760",Untraceable,729,"1,031",17.16
Kalyanpur,45-60,819,Untraceable,419,400,-2.32
Kalyanpur,61-75,270,Untraceable,129,141,4.44
Kalyanpur,75+,68,Untraceable,25,43,26.47
"Pipra, Purvi Champaran",18-29,352,Deceased,183,169,-3.98
"Pipra, Purvi Champaran",30-44,"1,490",Deceased,771,719,-3.49
"Pipra, Purvi Champaran",45-60,"2,781",Deceased,"1,473","1,308",-5.93
"Pipra, Purvi Champaran",61-75,"4,002",Deceased,"1,841","2,161",8
"Pipra, Purvi Champaran",75+,"2,143",Deceased,923,"1,220",13.86
"Pipra, Purvi Champaran",18-29,"1,146",Duplicate enrolment,550,596,4.01
"Pipra, Purvi Champaran",30-44,"2,081",Duplicate enrolment,"1,048","1,033",-0.72
"Pipra, Purvi Champaran",45-60,594,Duplicate enrolment,254,340,14.48
"Pipra, Purvi Champaran",61-75,173,Duplicate enrolment,77,96,10.98
"Pipra, Purvi Champaran",75+,31,Duplicate enrolment,12,19,22.58
"Pipra, Purvi Champaran",18-29,"3,417",Permanently shifted,717,"2,700",58.03
"Pipra, Purvi Champaran",30-44,"6,157",Permanently shifted,"2,433","3,724",20.97
"Pipra, Purvi Champaran",45-60,"3,081",Permanently shifted,"1,556","1,525",-1.01
"Pipra, Purvi Champaran",61-75,873,Permanently shifted,454,419,-4.01
"Pipra, Purvi Champaran",75+,194,Permanently shifted,89,105,8.25
"Pipra, Purvi Champaran",18-29,"1,560",Untraceable,541,"1,019",30.64
"Pipra, Purvi Champaran",30-44,"2,985",Untraceable,"1,280","1,705",14.24
"Pipra, Purvi Champaran",45-60,"1,415",Untraceable,728,687,-2.9
"Pipra, Purvi Champaran",61-75,438,Untraceable,192,246,12.33
"Pipra, Purvi Champaran",75+,132,Untraceable,47,85,28.79
Madhuban,18-29,333,Deceased,168,165,-0.9
Madhuban,30-44,"1,482",Deceased,739,743,0.27
Madhuban,45-60,"2,937",Deceased,"1,437","1,500",2.15
Madhuban,61-75,"4,306",Deceased,"2,078","2,228",3.48
Madhuban,75+,"2,388",Deceased,"1,072","1,316",10.22
Madhuban,18-29,"1,175",Duplicate enrolment,600,575,-2.13
Madhuban,30-44,"1,821",Duplicate enrolment,925,896,-1.59
Madhuban,45-60,499,Duplicate enrolment,248,251,0.6
Madhuban,61-75,111,Duplicate enrolment,55,56,0.9
Madhuban,75+,32,Duplicate enrolment,14,18,12.5
Madhuban,18-29,"1,848",Permanently shifted,438,"1,410",52.6
Madhuban,30-44,"2,776",Permanently shifted,"1,001","1,775",27.88
Madhuban,45-60,"1,471",Permanently shifted,734,737,0.2
Madhuban,61-75,394,Permanently shifted,178,216,9.64
Madhuban,75+,78,Permanently shifted,37,41,5.13
Madhuban,18-29,363,Untraceable,137,226,24.52
Madhuban,30-44,590,Untraceable,264,326,10.51
Madhuban,45-60,273,Untraceable,133,140,2.56
Madhuban,61-75,83,Untraceable,36,47,13.25
Madhuban,75+,30,Untraceable,5,25,66.67
Motihari,18-29,370,Deceased,191,179,-3.24
Motihari,30-44,"1,565",Deceased,917,648,-17.19
Motihari,45-60,"3,191",Deceased,"1,728","1,463",-8.3
Motihari,61-75,"4,700",Deceased,"2,368","2,332",-0.77
Motihari,75+,"3,157",Deceased,"1,594","1,563",-0.98
Motihari,18-29,926,Duplicate enrolment,494,432,-6.7
Motihari,30-44,"1,315",Duplicate enrolment,691,624,-5.1
Motihari,45-60,331,Duplicate enrolment,146,185,11.78
Motihari,61-75,100,Duplicate enrolment,48,52,4
Motihari,75+,21,Duplicate enrolment,13,8,-23.81
Motihari,18-29,"3,761",Permanently shifted,"1,376","2,385",26.83
Motihari,30-44,"12,273",Permanently shifted,"5,431","6,842",11.5
Motihari,45-60,"7,792",Permanently shifted,"4,278","3,514",-9.8
Motihari,61-75,"2,675",Permanently shifted,"1,475","1,200",-10.28
Motihari,75+,737,Permanently shifted,389,348,-5.56
Motihari,18-29,"1,975",Untraceable,906,"1,069",8.25
Motihari,30-44,"5,073",Untraceable,"2,430","2,643",4.2
Motihari,45-60,"3,023",Untraceable,"1,603","1,420",-6.05
Motihari,61-75,"1,045",Untraceable,536,509,-2.58
Motihari,75+,370,Untraceable,177,193,4.32
Chiraia,18-29,355,Deceased,164,191,7.61
Chiraia,30-44,"1,431",Deceased,712,719,0.49
Chiraia,45-60,"2,399",Deceased,"1,151","1,248",4.04
Chiraia,61-75,"3,568",Deceased,"1,681","1,887",5.77
Chiraia,75+,"2,283",Deceased,"1,037","1,246",9.15
Chiraia,18-29,"1,310",Duplicate enrolment,665,645,-1.53
Chiraia,30-44,"2,414",Duplicate enrolment,"1,281","1,133",-6.13
Chiraia,45-60,643,Duplicate enrolment,317,326,1.4
Chiraia,61-75,203,Duplicate enrolment,91,112,10.34
Chiraia,75+,57,Duplicate enrolment,21,36,26.32
Chiraia,18-29,"2,043",Permanently shifted,572,"1,471",44
Chiraia,30-44,"3,965",Permanently shifted,"1,595","2,370",19.55
Chiraia,45-60,"1,931",Permanently shifted,979,952,-1.4
Chiraia,61-75,578,Permanently shifted,285,293,1.38
Chiraia,75+,132,Permanently shifted,64,68,3.03
Chiraia,18-29,"1,436",Untraceable,610,826,15.04
Chiraia,30-44,"2,313",Untraceable,"1,025","1,288",11.37
Chiraia,45-60,"1,091",Untraceable,553,538,-1.37
Chiraia,61-75,382,Untraceable,186,196,2.62
Chiraia,75+,83,Untraceable,33,50,20.48
Dhaka,18-29,239,Deceased,109,130,8.79
Dhaka,30-44,987,Deceased,487,500,1.32
Dhaka,45-60,"1,896",Deceased,886,"1,010",6.54
Dhaka,61-75,"2,698",Deceased,"1,238","1,460",8.23
Dhaka,75+,"1,171",Deceased,538,633,8.11
Dhaka,18-29,977,Duplicate enrolment,542,435,-10.95
Dhaka,30-44,"1,285",Duplicate enrolment,644,641,-0.23
Dhaka,45-60,388,Duplicate enrolment,170,218,12.37
Dhaka,61-75,81,Duplicate enrolment,29,52,28.4
Dhaka,75+,19,Duplicate enrolment,10,9,-5.26
Dhaka,18-29,"1,465",Permanently shifted,398,"1,067",45.67
Dhaka,30-44,"2,639",Permanently shifted,"1,075","1,564",18.53
Dhaka,45-60,"1,158",Permanently shifted,539,619,6.91
Dhaka,61-75,330,Permanently shifted,179,151,-8.48
Dhaka,75+,55,Permanently shifted,29,26,-5.45
Dhaka,18-29,624,Untraceable,280,344,10.26
Dhaka,30-44,989,Untraceable,388,601,21.54
Dhaka,45-60,445,Untraceable,201,244,9.66
Dhaka,61-75,138,Untraceable,46,92,33.33
Dhaka,75+,46,Untraceable,14,32,39.13
Sheohar,18-29,282,Deceased,117,165,17.02
Sheohar,30-44,997,Deceased,482,515,3.31
Sheohar,45-60,"1,724",Deceased,831,893,3.6
Sheohar,61-75,"2,526",Deceased,"1,195","1,331",5.38
Sheohar,75+,"1,787",Deceased,790,997,11.58
Sheohar,18-29,908,Duplicate enrolment,427,481,5.95
Sheohar,30-44,"1,020",Duplicate enrolment,523,497,-2.55
Sheohar,45-60,296,Duplicate enrolment,133,163,10.14
Sheohar,61-75,114,Duplicate enrolment,57,57,0
Sheohar,75+,27,Duplicate enrolment,10,17,25.93
Sheohar,18-29,"2,874",Permanently shifted,705,"2,169",50.94
Sheohar,30-44,"4,368",Permanently shifted,"1,579","2,789",27.7
Sheohar,45-60,"2,385",Permanently shifted,"1,211","1,174",-1.55
Sheohar,61-75,771,Permanently shifted,382,389,0.91
Sheohar,75+,148,Permanently shifted,67,81,9.46
Sheohar,18-29,"1,831",Untraceable,677,"1,154",26.05
Sheohar,30-44,"3,283",Untraceable,"1,468","1,815",10.57
Sheohar,45-60,"1,926",Untraceable,"1,029",897,-6.85
Sheohar,61-75,666,Untraceable,320,346,3.9
Sheohar,75+,212,Untraceable,83,129,21.7
Riga,18-29,309,Deceased,158,151,-2.27
Riga,30-44,"1,027",Deceased,563,464,-9.64
Riga,45-60,"2,010",Deceased,"1,046",964,-4.08
Riga,61-75,"4,026",Deceased,"1,946","2,080",3.33
Riga,75+,"3,959",Deceased,"1,960","1,999",0.99
Riga,18-29,"1,319",Duplicate enrolment,664,655,-0.68
Riga,30-44,"1,400",Duplicate enrolment,742,658,-6
Riga,45-60,645,Duplicate enrolment,320,325,0.78
Riga,61-75,206,Duplicate enrolment,105,101,-1.94
Riga,75+,51,Duplicate enrolment,27,24,-5.88
Riga,18-29,"2,378",Permanently shifted,814,"1,564",31.54
Riga,30-44,"2,732",Permanently shifted,"1,088","1,644",20.35
Riga,45-60,"2,336",Permanently shifted,"1,187","1,149",-1.63
Riga,61-75,979,Permanently shifted,525,454,-7.25
Riga,75+,272,Permanently shifted,135,137,0.74
Riga,18-29,"1,796",Untraceable,783,"1,013",12.81
Riga,30-44,"2,074",Untraceable,"1,004","1,070",3.18
Riga,45-60,"1,585",Untraceable,801,784,-1.07
Riga,61-75,657,Untraceable,316,341,3.81
Riga,75+,227,Untraceable,81,146,28.63
Bathnaha (SC),18-29,343,Deceased,159,184,7.29
Bathnaha (SC),30-44,894,Deceased,450,444,-0.67
Bathnaha (SC),45-60,"1,869",Deceased,939,930,-0.48
Bathnaha (SC),61-75,"3,947",Deceased,"1,840","2,107",6.76
Bathnaha (SC),75+,"3,956",Deceased,"1,849","2,107",6.52
Bathnaha (SC),18-29,"1,313",Duplicate enrolment,652,661,0.69
Bathnaha (SC),30-44,"1,286",Duplicate enrolment,625,661,2.8
Bathnaha (SC),45-60,588,Duplicate enrolment,259,329,11.9
Bathnaha (SC),61-75,200,Duplicate enrolment,94,106,6
Bathnaha (SC),75+,56,Duplicate enrolment,20,36,28.57
Bathnaha (SC),18-29,"2,745",Permanently shifted,"1,007","1,738",26.63
Bathnaha (SC),30-44,"2,816",Permanently shifted,"1,078","1,738",23.44
Bathnaha (SC),45-60,"2,056",Permanently shifted,979,"1,077",4.77
Bathnaha (SC),61-75,724,Permanently shifted,382,342,-5.52
Bathnaha (SC),75+,179,Permanently shifted,81,98,9.5
Bathnaha (SC),18-29,"1,864",Untraceable,849,"1,015",8.91
Bathnaha (SC),30-44,"1,883",Untraceable,770,"1,113",18.22
Bathnaha (SC),45-60,"1,120",Untraceable,522,598,6.79
Bathnaha (SC),61-75,445,Untraceable,210,235,5.62
Bathnaha (SC),75+,203,Untraceable,89,114,12.32
Parihar,18-29,337,Deceased,170,167,-0.89
Parihar,30-44,"1,188",Deceased,614,574,-3.37
Parihar,45-60,"2,767",Deceased,"1,354","1,413",2.13
Parihar,61-75,"4,575",Deceased,"2,299","2,276",-0.5
Parihar,75+,"3,559",Deceased,"1,643","1,916",7.67
Parihar,18-29,"1,502",Duplicate enrolment,821,681,-9.32
Parihar,30-44,"1,524",Duplicate enrolment,801,723,-5.12
Parihar,45-60,733,Duplicate enrolment,376,357,-2.59
Parihar,61-75,189,Duplicate enrolment,96,93,-1.59
Parihar,75+,58,Duplicate enrolment,24,34,17.24
Parihar,18-29,"3,246",Permanently shifted,"1,272","1,974",21.63
Parihar,30-44,"2,955",Permanently shifted,"1,168","1,787",20.95
Parihar,45-60,"1,959",Permanently shifted,992,967,-1.28
Parihar,61-75,564,Permanently shifted,270,294,4.26
Parihar,75+,176,Permanently shifted,76,100,13.64
Parihar,18-29,"1,483",Untraceable,726,757,2.09
Parihar,30-44,"1,524",Untraceable,717,807,5.91
Parihar,45-60,988,Untraceable,505,483,-2.23
Parihar,61-75,349,Untraceable,168,181,3.72
Parihar,75+,127,Untraceable,52,75,18.11
Sursand,18-29,350,Deceased,201,149,-14.86
Sursand,30-44,"1,204",Deceased,629,575,-4.49
Sursand,45-60,"2,519",Deceased,"1,276","1,243",-1.31
Sursand,61-75,"4,277",Deceased,"2,135","2,142",0.16
Sursand,75+,"3,357",Deceased,"1,626","1,731",3.13
Sursand,18-29,"1,080",Duplicate enrolment,564,516,-4.44
Sursand,30-44,"1,277",Duplicate enrolment,664,613,-3.99
Sursand,45-60,548,Duplicate enrolment,274,274,0
Sursand,61-75,168,Duplicate enrolment,91,77,-8.33
Sursand,75+,33,Duplicate enrolment,12,21,27.27
Sursand,18-29,"3,081",Permanently shifted,"1,087","1,994",29.44
Sursand,30-44,"3,352",Permanently shifted,"1,277","2,075",23.81
Sursand,45-60,"2,507",Permanently shifted,"1,245","1,262",0.68
Sursand,61-75,674,Permanently shifted,355,319,-5.34
Sursand,75+,164,Permanently shifted,83,81,-1.22
Sursand,18-29,"1,894",Untraceable,799,"1,095",15.63
Sursand,30-44,"2,272",Untraceable,"1,022","1,250",10.04
Sursand,45-60,"1,503",Untraceable,740,763,1.53
Sursand,61-75,483,Untraceable,226,257,6.42
Sursand,75+,169,Untraceable,62,107,26.63
Bajpatti,18-29,359,Deceased,187,172,-4.18
Bajpatti,30-44,"1,131",Deceased,564,567,0.27
Bajpatti,45-60,"2,256",Deceased,"1,129","1,127",-0.09
Bajpatti,61-75,"3,735",Deceased,"1,873","1,862",-0.29
Bajpatti,75+,"3,214",Deceased,"1,481","1,733",7.84
Bajpatti,18-29,"1,293",Duplicate enrolment,654,639,-1.16
Bajpatti,30-44,"1,310",Duplicate enrolment,696,614,-6.26
Bajpatti,45-60,534,Duplicate enrolment,265,269,0.75
Bajpatti,61-75,173,Duplicate enrolment,80,93,7.51
Bajpatti,75+,43,Duplicate enrolment,20,23,6.98
Bajpatti,18-29,"4,571",Permanently shifted,"1,662","2,909",27.28
Bajpatti,30-44,"4,380",Permanently shifted,"1,721","2,659",21.42
Bajpatti,45-60,"3,198",Permanently shifted,"1,625","1,573",-1.63
Bajpatti,61-75,997,Permanently shifted,496,501,0.5
Bajpatti,75+,287,Permanently shifted,110,177,23.34
Bajpatti,18-29,753,Untraceable,350,403,7.04
Bajpatti,30-44,848,Untraceable,377,471,11.08
Bajpatti,45-60,581,Untraceable,294,287,-1.2
Bajpatti,61-75,179,Untraceable,81,98,9.5
Bajpatti,75+,81,Untraceable,36,45,11.11
Sitamarhi,18-29,330,Deceased,162,168,1.82
Sitamarhi,30-44,923,Deceased,508,415,-10.08
Sitamarhi,45-60,"1,909",Deceased,"1,044",865,-9.38
Sitamarhi,61-75,"3,472",Deceased,"1,753","1,719",-0.98
Sitamarhi,75+,"3,130",Deceased,"1,601","1,529",-2.3
Sitamarhi,18-29,664,Duplicate enrolment,355,309,-6.93
Sitamarhi,30-44,437,Duplicate enrolment,218,219,0.23
Sitamarhi,45-60,193,Duplicate enrolment,101,92,-4.66
Sitamarhi,61-75,77,Duplicate enrolment,37,40,3.9
Sitamarhi,75+,23,Duplicate enrolment,7,16,39.13
Sitamarhi,18-29,"2,471",Permanently shifted,"1,021","1,450",17.36
Sitamarhi,30-44,"3,497",Permanently shifted,"1,520","1,977",13.07
Sitamarhi,45-60,"3,003",Permanently shifted,"1,637","1,366",-9.02
Sitamarhi,61-75,"1,058",Permanently shifted,585,473,-10.59
Sitamarhi,75+,304,Permanently shifted,166,138,-9.21
Sitamarhi,18-29,"2,188",Untraceable,"1,107","1,081",-1.19
Sitamarhi,30-44,"2,246",Untraceable,"1,083","1,163",3.56
Sitamarhi,45-60,"1,665",Untraceable,875,790,-5.11
Sitamarhi,61-75,709,Untraceable,360,349,-1.55
Sitamarhi,75+,281,Untraceable,133,148,5.34
Runnisaidpur,18-29,289,Deceased,151,138,-4.5
Runnisaidpur,30-44,"1,079",Deceased,581,498,-7.69
Runnisaidpur,45-60,"2,387",Deceased,"1,273","1,114",-6.66
Runnisaidpur,61-75,"3,770",Deceased,"1,896","1,874",-0.58
Runnisaidpur,75+,"3,766",Deceased,"1,834","1,932",2.6
Runnisaidpur,18-29,"1,044",Duplicate enrolment,531,513,-1.72
Runnisaidpur,30-44,"1,277",Duplicate enrolment,713,564,-11.67
Runnisaidpur,45-60,537,Duplicate enrolment,253,284,5.77
Runnisaidpur,61-75,168,Duplicate enrolment,86,82,-2.38
Runnisaidpur,75+,55,Duplicate enrolment,23,32,16.36
Runnisaidpur,18-29,"2,265",Permanently shifted,805,"1,460",28.92
Runnisaidpur,30-44,"3,303",Permanently shifted,"1,350","1,953",18.26
Runnisaidpur,45-60,"2,688",Permanently shifted,"1,364","1,324",-1.49
Runnisaidpur,61-75,866,Permanently shifted,452,414,-4.39
Runnisaidpur,75+,221,Permanently shifted,93,128,15.84
Runnisaidpur,18-29,"1,204",Untraceable,541,663,10.13
Runnisaidpur,30-44,"1,367",Untraceable,629,738,7.97
Runnisaidpur,45-60,"1,190",Untraceable,573,617,3.7
Runnisaidpur,61-75,368,Untraceable,181,187,1.63
Runnisaidpur,75+,131,Untraceable,54,77,17.56
Belsand,18-29,363,Deceased,161,202,11.29
Belsand,30-44,"1,374",Deceased,710,664,-3.35
Belsand,45-60,"2,347",Deceased,"1,216","1,131",-3.62
Belsand,61-75,"4,033",Deceased,"1,990","2,043",1.31
Belsand,75+,"3,894",Deceased,"1,863","2,031",4.31
Belsand,18-29,"1,314",Duplicate enrolment,690,624,-5.02
Belsand,30-44,"1,807",Duplicate enrolment,960,847,-6.25
Belsand,45-60,586,Duplicate enrolment,300,286,-2.39
Belsand,61-75,173,Duplicate enrolment,89,84,-2.89
Belsand,75+,58,Duplicate enrolment,22,36,24.14
Belsand,18-29,"3,546",Permanently shifted,"1,282","2,264",27.69
Belsand,30-44,"5,134",Permanently shifted,"2,130","3,004",17.02
Belsand,45-60,"3,319",Permanently shifted,"1,634","1,685",1.54
Belsand,61-75,975,Permanently shifted,503,472,-3.18
Belsand,75+,286,Permanently shifted,115,171,19.58
Belsand,18-29,"2,387",Untraceable,"1,021","1,366",14.45
Belsand,30-44,"3,354",Untraceable,"1,601","1,753",4.53
Belsand,45-60,"2,139",Untraceable,"1,104","1,035",-3.23
Belsand,61-75,789,Untraceable,375,414,4.94
Belsand,75+,310,Untraceable,117,193,24.52
Harlakhi,18-29,340,Deceased,163,177,4.12
Harlakhi,30-44,"1,025",Deceased,515,510,-0.49
Harlakhi,45-60,"1,977",Deceased,"1,001",976,-1.26
Harlakhi,61-75,"3,627",Deceased,"1,758","1,869",3.06
Harlakhi,75+,"2,815",Deceased,"1,355","1,460",3.73
Harlakhi,18-29,944,Duplicate enrolment,468,476,0.85
Harlakhi,30-44,"1,389",Duplicate enrolment,655,734,5.69
Harlakhi,45-60,526,Duplicate enrolment,251,275,4.56
Harlakhi,61-75,195,Duplicate enrolment,98,97,-0.51
Harlakhi,75+,54,Duplicate enrolment,18,36,33.33
Harlakhi,18-29,"3,304",Permanently shifted,"1,118","2,186",32.32
Harlakhi,30-44,"3,717",Permanently shifted,"1,476","2,241",20.58
Harlakhi,45-60,"2,334",Permanently shifted,"1,144","1,190",1.97
Harlakhi,61-75,828,Permanently shifted,405,423,2.17
Harlakhi,75+,199,Permanently shifted,98,101,1.51
Harlakhi,18-29,"3,268",Untraceable,"1,514","1,754",7.34
Harlakhi,30-44,"4,615",Untraceable,"2,148","2,467",6.91
Harlakhi,45-60,"3,009",Untraceable,"1,548","1,461",-2.89
Harlakhi,61-75,"1,211",Untraceable,604,607,0.25
Harlakhi,75+,445,Untraceable,186,259,16.4
Benipatti,18-29,302,Deceased,138,164,8.61
Benipatti,30-44,914,Deceased,475,439,-3.94
Benipatti,45-60,"2,002",Deceased,987,"1,015",1.4
Benipatti,61-75,"3,427",Deceased,"1,711","1,716",0.15
Benipatti,75+,"2,465",Deceased,"1,121","1,344",9.05
Benipatti,18-29,879,Duplicate enrolment,400,479,8.99
Benipatti,30-44,"1,279",Duplicate enrolment,633,646,1.02
Benipatti,45-60,629,Duplicate enrolment,280,349,10.97
Benipatti,61-75,199,Duplicate enrolment,89,110,10.55
Benipatti,75+,61,Duplicate enrolment,25,36,18.03
Benipatti,18-29,"2,332",Permanently shifted,604,"1,728",48.2
Benipatti,30-44,"3,727",Permanently shifted,"1,584","2,143",15
Benipatti,45-60,"3,080",Permanently shifted,"1,575","1,505",-2.27
Benipatti,61-75,"1,170",Permanently shifted,560,610,4.27
Benipatti,75+,310,Permanently shifted,126,184,18.71
Benipatti,18-29,"1,728",Untraceable,683,"1,045",20.95
Benipatti,30-44,"3,404",Untraceable,"1,690","1,714",0.71
Benipatti,45-60,"2,665",Untraceable,"1,383","1,282",-3.79
Benipatti,61-75,"1,036",Untraceable,488,548,5.79
Benipatti,75+,286,Untraceable,132,154,7.69
Khajauli,18-29,345,Deceased,151,194,12.46
Khajauli,30-44,"1,067",Deceased,546,521,-2.34
Khajauli,45-60,"1,890",Deceased,881,"1,009",6.77
Khajauli,61-75,"3,348",Deceased,"1,509","1,839",9.86
Khajauli,75+,"2,098",Deceased,961,"1,137",8.39
Khajauli,18-29,"1,189",Duplicate enrolment,578,611,2.78
Khajauli,30-44,"1,539",Duplicate enrolment,784,755,-1.88
Khajauli,45-60,425,Duplicate enrolment,206,219,3.06
Khajauli,61-75,167,Duplicate enrolment,78,89,6.59
Khajauli,75+,30,Duplicate enrolment,15,15,0
Khajauli,18-29,"2,627",Permanently shifted,580,"2,047",55.84
Khajauli,30-44,"4,661",Permanently shifted,"1,860","2,801",20.19
Khajauli,45-60,"2,786",Permanently shifted,"1,437","1,349",-3.16
Khajauli,61-75,"1,052",Permanently shifted,523,529,0.57
Khajauli,75+,241,Permanently shifted,104,137,13.69
Khajauli,18-29,"2,613",Untraceable,"1,037","1,576",20.63
Khajauli,30-44,"4,881",Untraceable,"2,275","2,606",6.78
Khajauli,45-60,"2,802",Untraceable,"1,379","1,423",1.57
Khajauli,61-75,"1,183",Untraceable,531,652,10.23
Khajauli,75+,319,Untraceable,131,188,17.87
Babubarhi,18-29,375,Deceased,170,205,9.33
Babubarhi,30-44,"1,221",Deceased,604,617,1.06
Babubarhi,45-60,"2,387",Deceased,"1,170","1,217",1.97
Babubarhi,61-75,"4,576",Deceased,"2,110","2,466",7.78
Babubarhi,75+,"3,357",Deceased,"1,552","1,805",7.54
Babubarhi,18-29,"1,323",Duplicate enrolment,649,674,1.89
Babubarhi,30-44,"2,113",Duplicate enrolment,"1,145",968,-8.38
Babubarhi,45-60,715,Duplicate enrolment,344,371,3.78
Babubarhi,61-75,272,Duplicate enrolment,129,143,5.15
Babubarhi,75+,57,Duplicate enrolment,29,28,-1.75
Babubarhi,18-29,"3,260",Permanently shifted,"1,033","2,227",36.63
Babubarhi,30-44,"4,586",Permanently shifted,"1,910","2,676",16.7
Babubarhi,45-60,"2,506",Permanently shifted,"1,292","1,214",-3.11
Babubarhi,61-75,915,Permanently shifted,476,439,-4.04
Babubarhi,75+,187,Permanently shifted,81,106,13.37
Babubarhi,18-29,"1,727",Untraceable,796,931,7.82
Babubarhi,30-44,"2,638",Untraceable,"1,208","1,430",8.42
Babubarhi,45-60,"1,414",Untraceable,682,732,3.54
Babubarhi,61-75,501,Untraceable,232,269,7.39
Babubarhi,75+,151,Untraceable,56,95,25.83
Bisfi,18-29,357,Deceased,170,187,4.76
Bisfi,30-44,"1,167",Deceased,587,580,-0.6
Bisfi,45-60,"2,415",Deceased,"1,202","1,213",0.46
Bisfi,61-75,"3,747",Deceased,"1,874","1,873",-0.03
Bisfi,75+,"2,192",Deceased,"1,022","1,170",6.75
Bisfi,18-29,909,Duplicate enrolment,476,433,-4.73
Bisfi,30-44,"1,353",Duplicate enrolment,649,704,4.07
Bisfi,45-60,585,Duplicate enrolment,256,329,12.48
Bisfi,61-75,207,Duplicate enrolment,88,119,14.98
Bisfi,75+,26,Duplicate enrolment,9,17,30.77
Bisfi,18-29,"2,782",Permanently shifted,555,"2,227",60.1
Bisfi,30-44,"3,594",Permanently shifted,"1,231","2,363",31.5
Bisfi,45-60,"2,111",Permanently shifted,965,"1,146",8.57
Bisfi,61-75,644,Permanently shifted,304,340,5.59
Bisfi,75+,121,Permanently shifted,56,65,7.44
Bisfi,18-29,"1,648",Untraceable,715,933,13.23
Bisfi,30-44,"2,656",Untraceable,"1,222","1,434",7.98
Bisfi,45-60,"1,811",Untraceable,922,889,-1.82
Bisfi,61-75,658,Untraceable,316,342,3.95
Bisfi,75+,191,Untraceable,83,108,13.09
Madhubani,18-29,281,Deceased,135,146,3.91
Madhubani,30-44,"1,269",Deceased,693,576,-9.22
Madhubani,45-60,"2,432",Deceased,"1,271","1,161",-4.52
Madhubani,61-75,"4,079",Deceased,"2,094","1,985",-2.67
Madhubani,75+,"2,171",Deceased,"1,039","1,132",4.28
Madhubani,18-29,"1,023",Duplicate enrolment,501,522,2.05
Madhubani,30-44,"1,307",Duplicate enrolment,670,637,-2.52
Madhubani,45-60,490,Duplicate enrolment,244,246,0.41
Madhubani,61-75,224,Duplicate enrolment,84,140,25
Madhubani,75+,43,Duplicate enrolment,16,27,25.58
Madhubani,18-29,"2,263",Permanently shifted,598,"1,665",47.15
Madhubani,30-44,"4,784",Permanently shifted,"1,951","2,833",18.44
Madhubani,45-60,"2,865",Permanently shifted,"1,525","1,340",-6.46
Madhubani,61-75,"1,091",Permanently shifted,561,530,-2.84
Madhubani,75+,191,Permanently shifted,104,87,-8.9
Madhubani,18-29,"2,738",Untraceable,"1,176","1,562",14.1
Madhubani,30-44,"5,476",Untraceable,"2,633","2,843",3.83
Madhubani,45-60,"3,379",Untraceable,"1,760","1,619",-4.17
Madhubani,61-75,"1,291",Untraceable,626,665,3.02
Madhubani,75+,346,Untraceable,127,219,26.59
Rajnagar (SC),18-29,413,Deceased,181,232,12.35
Rajnagar (SC),30-44,"1,242",Deceased,636,606,-2.42
Rajnagar (SC),45-60,"2,430",Deceased,"1,206","1,224",0.74
Rajnagar (SC),61-75,"4,384",Deceased,"2,120","2,264",3.28
Rajnagar (SC),75+,"3,397",Deceased,"1,606","1,791",5.45
Rajnagar (SC),18-29,"1,040",Duplicate enrolment,516,524,0.77
Rajnagar (SC),30-44,"1,486",Duplicate enrolment,781,705,-5.11
Rajnagar (SC),45-60,626,Duplicate enrolment,294,332,6.07
Rajnagar (SC),61-75,268,Duplicate enrolment,127,141,5.22
Rajnagar (SC),75+,58,Duplicate enrolment,26,32,10.34
Rajnagar (SC),18-29,"3,261",Permanently shifted,911,"2,350",44.13
Rajnagar (SC),30-44,"4,779",Permanently shifted,"2,000","2,779",16.3
Rajnagar (SC),45-60,"3,220",Permanently shifted,"1,725","1,495",-7.14
Rajnagar (SC),61-75,"1,317",Permanently shifted,680,637,-3.26
Rajnagar (SC),75+,294,Permanently shifted,143,151,2.72
Rajnagar (SC),18-29,"3,652",Untraceable,"1,560","2,092",14.57
Rajnagar (SC),30-44,"6,957",Untraceable,"3,344","3,613",3.87
Rajnagar (SC),45-60,"4,988",Untraceable,"2,540","2,448",-1.84
Rajnagar (SC),61-75,"2,127",Untraceable,"1,032","1,095",2.96
Rajnagar (SC),75+,684,Untraceable,272,412,20.47
Jhanjharpur,18-29,269,Deceased,125,144,7.06
Jhanjharpur,30-44,977,Deceased,485,492,0.72
Jhanjharpur,45-60,"1,646",Deceased,803,843,2.43
Jhanjharpur,61-75,"2,624",Deceased,"1,212","1,412",7.62
Jhanjharpur,75+,"2,095",Deceased,970,"1,125",7.4
Jhanjharpur,18-29,911,Duplicate enrolment,466,445,-2.31
Jhanjharpur,30-44,"1,085",Duplicate enrolment,530,555,2.3
Jhanjharpur,45-60,445,Duplicate enrolment,197,248,11.46
Jhanjharpur,61-75,151,Duplicate enrolment,75,76,0.66
Jhanjharpur,75+,43,Duplicate enrolment,28,15,-30.23
Jhanjharpur,18-29,"3,332",Permanently shifted,"1,051","2,281",36.91
Jhanjharpur,30-44,"5,088",Permanently shifted,"2,102","2,986",17.37
Jhanjharpur,45-60,"3,464",Permanently shifted,"1,738","1,726",-0.35
Jhanjharpur,61-75,"1,355",Permanently shifted,661,694,2.44
Jhanjharpur,75+,368,Permanently shifted,160,208,13.04
Jhanjharpur,18-29,470,Untraceable,200,270,14.89
Jhanjharpur,30-44,721,Untraceable,355,366,1.53
Jhanjharpur,45-60,461,Untraceable,251,210,-8.89
Jhanjharpur,61-75,178,Untraceable,87,91,2.25
Jhanjharpur,75+,63,Untraceable,22,41,30.16
Phulparas,18-29,273,Deceased,118,155,13.55
Phulparas,30-44,"1,247",Deceased,586,661,6.01
Phulparas,45-60,"2,155",Deceased,"1,060","1,095",1.62
Phulparas,61-75,"3,532",Deceased,"1,656","1,876",6.23
Phulparas,75+,"2,725",Deceased,"1,293","1,432",5.1
Phulparas,18-29,"1,100",Duplicate enrolment,558,542,-1.45
Phulparas,30-44,"1,703",Duplicate enrolment,889,814,-4.4
Phulparas,45-60,622,Duplicate enrolment,271,351,12.86
Phulparas,61-75,234,Duplicate enrolment,101,133,13.68
Phulparas,75+,65,Duplicate enrolment,23,42,29.23
Phulparas,18-29,"2,900",Permanently shifted,828,"2,072",42.9
Phulparas,30-44,"5,860",Permanently shifted,"2,364","3,496",19.32
Phulparas,45-60,"3,880",Permanently shifted,"1,916","1,964",1.24
Phulparas,61-75,"1,395",Permanently shifted,698,697,-0.07
Phulparas,75+,377,Permanently shifted,177,200,6.1
Phulparas,18-29,"2,232",Untraceable,892,"1,340",20.07
Phulparas,30-44,"4,174",Untraceable,"1,926","2,248",7.71
Phulparas,45-60,"2,463",Untraceable,"1,207","1,256",1.99
Phulparas,61-75,941,Untraceable,461,480,2.02
Phulparas,75+,356,Untraceable,133,223,25.28
Laukaha,18-29,402,Deceased,190,212,5.47
Laukaha,30-44,"1,290",Deceased,644,646,0.16
Laukaha,45-60,"2,283",Deceased,"1,021","1,262",10.56
Laukaha,61-75,"4,443",Deceased,"1,971","2,472",11.28
Laukaha,75+,"3,418",Deceased,"1,678","1,740",1.81
Laukaha,18-29,"1,196",Duplicate enrolment,651,545,-8.86
Laukaha,30-44,"1,886",Duplicate enrolment,965,921,-2.33
Laukaha,45-60,663,Duplicate enrolment,332,331,-0.15
Laukaha,61-75,221,Duplicate enrolment,85,136,23.08
Laukaha,75+,47,Duplicate enrolment,26,21,-10.64
Laukaha,18-29,"3,338",Permanently shifted,"1,018","2,320",39.01
Laukaha,30-44,"5,378",Permanently shifted,"2,226","3,152",17.22
Laukaha,45-60,"2,824",Permanently shifted,"1,377","1,447",2.48
Laukaha,61-75,"1,083",Permanently shifted,537,546,0.83
Laukaha,75+,292,Permanently shifted,126,166,13.7
Laukaha,18-29,"2,685",Untraceable,"1,195","1,490",10.99
Laukaha,30-44,"3,625",Untraceable,"1,598","2,027",11.83
Laukaha,45-60,"1,563",Untraceable,709,854,9.28
Laukaha,61-75,660,Untraceable,271,389,17.88
Laukaha,75+,226,Untraceable,79,147,30.09
Nirmali,18-29,196,Deceased,90,106,8.16
Nirmali,30-44,694,Deceased,333,361,4.03
Nirmali,45-60,"1,448",Deceased,637,811,12.02
Nirmali,61-75,"1,916",Deceased,901,"1,015",5.95
Nirmali,75+,"1,081",Deceased,440,641,18.59
Nirmali,18-29,"1,001",Duplicate enrolment,484,517,3.3
Nirmali,30-44,"1,307",Duplicate enrolment,666,641,-1.91
Nirmali,45-60,464,Duplicate enrolment,207,257,10.78
Nirmali,61-75,129,Duplicate enrolment,68,61,-5.43
Nirmali,75+,21,Duplicate enrolment,4,17,61.9
Nirmali,18-29,"2,770",Permanently shifted,733,"2,037",47.08
Nirmali,30-44,"5,076",Permanently shifted,"2,074","3,002",18.28
Nirmali,45-60,"3,082",Permanently shifted,"1,530","1,552",0.71
Nirmali,61-75,811,Permanently shifted,432,379,-6.54
Nirmali,75+,226,Permanently shifted,101,125,10.62
Nirmali,18-29,464,Untraceable,170,294,26.72
Nirmali,30-44,741,Untraceable,307,434,17.14
Nirmali,45-60,361,Untraceable,181,180,-0.28
Nirmali,61-75,97,Untraceable,46,51,5.15
Nirmali,75+,30,Untraceable,10,20,33.33
"Pipra, Supaul",18-29,211,Deceased,104,107,1.42
"Pipra, Supaul",30-44,829,Deceased,373,456,10.01
"Pipra, Supaul",45-60,"1,638",Deceased,751,887,8.3
"Pipra, Supaul",61-75,"2,183",Deceased,"1,055","1,128",3.34
"Pipra, Supaul",75+,"1,447",Deceased,624,823,13.75
"Pipra, Supaul",18-29,"1,211",Duplicate enrolment,625,586,-3.22
"Pipra, Supaul",30-44,"1,219",Duplicate enrolment,644,575,-5.66
"Pipra, Supaul",45-60,433,Duplicate enrolment,196,237,9.47
"Pipra, Supaul",61-75,92,Duplicate enrolment,34,58,26.09
"Pipra, Supaul",75+,10,Duplicate enrolment,3,7,40
"Pipra, Supaul",18-29,"2,853",Permanently shifted,811,"2,042",43.15
"Pipra, Supaul",30-44,"4,481",Permanently shifted,"1,764","2,717",21.27
"Pipra, Supaul",45-60,"2,683",Permanently shifted,"1,289","1,394",3.91
"Pipra, Supaul",61-75,654,Permanently shifted,338,316,-3.36
"Pipra, Supaul",75+,155,Permanently shifted,64,91,17.42
"Pipra, Supaul",18-29,521,Untraceable,180,341,30.9
"Pipra, Supaul",30-44,681,Untraceable,281,400,17.47
"Pipra, Supaul",45-60,359,Untraceable,167,192,6.96
"Pipra, Supaul",61-75,99,Untraceable,47,52,5.05
"Pipra, Supaul",75+,44,Untraceable,17,27,22.73
Supaul,18-29,240,Deceased,115,125,4.17
Supaul,30-44,813,Deceased,352,461,13.41
Supaul,45-60,"1,604",Deceased,737,867,8.1
Supaul,61-75,"2,025",Deceased,886,"1,139",12.49
Supaul,75+,"1,210",Deceased,475,735,21.49
Supaul,18-29,"1,422",Duplicate enrolment,704,718,0.98
Supaul,30-44,"1,398",Duplicate enrolment,691,707,1.14
Supaul,45-60,502,Duplicate enrolment,237,265,5.58
Supaul,61-75,115,Duplicate enrolment,68,47,-18.26
Supaul,75+,33,Duplicate enrolment,16,17,3.03
Supaul,18-29,"4,312",Permanently shifted,"1,370","2,942",36.46
Supaul,30-44,"7,888",Permanently shifted,"3,093","4,795",21.58
Supaul,45-60,"4,764",Permanently shifted,"2,340","2,424",1.76
Supaul,61-75,"1,356",Permanently shifted,666,690,1.77
Supaul,75+,283,Permanently shifted,122,161,13.78
Supaul,18-29,"1,006",Untraceable,395,611,21.47
Supaul,30-44,"1,265",Untraceable,554,711,12.41
Supaul,45-60,640,Untraceable,292,348,8.75
Supaul,61-75,210,Untraceable,105,105,0
Supaul,75+,56,Untraceable,20,36,28.57
Triveniganj (SC),18-29,248,Deceased,126,122,-1.61
Triveniganj (SC),30-44,849,Deceased,407,442,4.12
Triveniganj (SC),45-60,"1,841",Deceased,839,"1,002",8.85
Triveniganj (SC),61-75,"2,501",Deceased,"1,255","1,246",-0.36
Triveniganj (SC),75+,"1,253",Deceased,601,652,4.07
Triveniganj (SC),18-29,"1,312",Duplicate enrolment,618,694,5.79
Triveniganj (SC),30-44,"1,278",Duplicate enrolment,659,619,-3.13
Triveniganj (SC),45-60,478,Duplicate enrolment,235,243,1.67
Triveniganj (SC),61-75,119,Duplicate enrolment,57,62,4.2
Triveniganj (SC),75+,24,Duplicate enrolment,10,14,16.67
Triveniganj (SC),18-29,"2,750",Permanently shifted,630,"2,120",54.18
Triveniganj (SC),30-44,"3,790",Permanently shifted,"1,442","2,348",23.91
Triveniganj (SC),45-60,"2,127",Permanently shifted,"1,059","1,068",0.42
Triveniganj (SC),61-75,613,Permanently shifted,313,300,-2.12
Triveniganj (SC),75+,125,Permanently shifted,57,68,8.8
Triveniganj (SC),18-29,"1,541",Untraceable,670,871,13.04
Triveniganj (SC),30-44,"1,184",Untraceable,482,702,18.58
Triveniganj (SC),45-60,466,Untraceable,216,250,7.3
Triveniganj (SC),61-75,126,Untraceable,58,68,7.94
Triveniganj (SC),75+,25,Untraceable,9,16,28
Chhatapur,18-29,282,Deceased,137,145,2.84
Chhatapur,30-44,916,Deceased,428,488,6.55
Chhatapur,45-60,"2,209",Deceased,"1,002","1,207",9.28
Chhatapur,61-75,"3,172",Deceased,"1,484","1,688",6.43
Chhatapur,75+,"2,111",Deceased,"1,008","1,103",4.5
Chhatapur,18-29,"1,217",Duplicate enrolment,612,605,-0.58
Chhatapur,30-44,"1,144",Duplicate enrolment,564,580,1.4
Chhatapur,45-60,426,Duplicate enrolment,204,222,4.23
Chhatapur,61-75,104,Duplicate enrolment,48,56,7.69
Chhatapur,75+,15,Duplicate enrolment,7,8,6.67
Chhatapur,18-29,"3,947",Permanently shifted,"1,261","2,686",36.1
Chhatapur,30-44,"4,369",Permanently shifted,"1,635","2,734",25.15
Chhatapur,45-60,"2,298",Permanently shifted,"1,149","1,149",0
Chhatapur,61-75,659,Permanently shifted,364,295,-10.47
Chhatapur,75+,153,Permanently shifted,73,80,4.58
Chhatapur,18-29,"2,943",Untraceable,"1,198","1,745",18.59
Chhatapur,30-44,"2,734",Untraceable,"1,113","1,621",18.58
Chhatapur,45-60,"1,347",Untraceable,628,719,6.76
Chhatapur,61-75,424,Untraceable,179,245,15.57
Chhatapur,75+,132,Untraceable,44,88,33.33
Narpatganj,18-29,352,Deceased,168,184,4.55
Narpatganj,30-44,"1,506",Deceased,721,785,4.25
Narpatganj,45-60,"3,376",Deceased,"1,536","1,840",9
Narpatganj,61-75,"4,809",Deceased,"2,351","2,458",2.22
Narpatganj,75+,"3,670",Deceased,"1,823","1,847",0.65
Narpatganj,18-29,980,Duplicate enrolment,538,442,-9.8
Narpatganj,30-44,"1,854",Duplicate enrolment,"1,018",836,-9.82
Narpatganj,45-60,604,Duplicate enrolment,317,287,-4.97
Narpatganj,61-75,179,Duplicate enrolment,91,88,-1.68
Narpatganj,75+,33,Duplicate enrolment,16,17,3.03
Narpatganj,18-29,"2,655",Permanently shifted,840,"1,815",36.72
Narpatganj,30-44,"5,113",Permanently shifted,"1,937","3,176",24.23
Narpatganj,45-60,"3,176",Permanently shifted,"1,525","1,651",3.97
Narpatganj,61-75,867,Permanently shifted,460,407,-6.11
Narpatganj,75+,167,Permanently shifted,88,79,-5.39
Narpatganj,18-29,573,Untraceable,287,286,-0.17
Narpatganj,30-44,728,Untraceable,339,389,6.87
Narpatganj,45-60,370,Untraceable,178,192,3.78
Narpatganj,61-75,109,Untraceable,56,53,-2.75
Narpatganj,75+,42,Untraceable,20,22,4.76
Raniganj (SC),18-29,440,Deceased,211,229,4.09
Raniganj (SC),30-44,"1,856",Deceased,943,913,-1.62
Raniganj (SC),45-60,"3,866",Deceased,"1,897","1,969",1.86
Raniganj (SC),61-75,"5,499",Deceased,"2,795","2,704",-1.65
Raniganj (SC),75+,"3,965",Deceased,"2,030","1,935",-2.4
Raniganj (SC),18-29,919,Duplicate enrolment,483,436,-5.11
Raniganj (SC),30-44,"1,871",Duplicate enrolment,"1,066",805,-13.95
Raniganj (SC),45-60,720,Duplicate enrolment,357,363,0.83
Raniganj (SC),61-75,220,Duplicate enrolment,106,114,3.64
Raniganj (SC),75+,57,Duplicate enrolment,28,29,1.75
Raniganj (SC),18-29,"2,647",Permanently shifted,984,"1,663",25.65
Raniganj (SC),30-44,"3,843",Permanently shifted,"1,549","2,294",19.39
Raniganj (SC),45-60,"1,877",Permanently shifted,892,985,4.95
Raniganj (SC),61-75,580,Permanently shifted,295,285,-1.72
Raniganj (SC),75+,145,Permanently shifted,63,82,13.1
Raniganj (SC),18-29,"1,531",Untraceable,704,827,8.03
Raniganj (SC),30-44,"2,326",Untraceable,"1,109","1,217",4.64
Raniganj (SC),45-60,"1,206",Untraceable,607,599,-0.66
Raniganj (SC),61-75,569,Untraceable,271,298,4.75
Raniganj (SC),75+,218,Untraceable,105,113,3.67
Forbesganj,18-29,261,Deceased,131,130,-0.38
Forbesganj,30-44,"1,806",Deceased,956,850,-5.87
Forbesganj,45-60,"3,281",Deceased,"1,656","1,625",-0.94
Forbesganj,61-75,"3,917",Deceased,"2,095","1,822",-6.97
Forbesganj,75+,"2,090",Deceased,"1,115",975,-6.7
Forbesganj,18-29,773,Duplicate enrolment,458,315,-18.5
Forbesganj,30-44,"1,544",Duplicate enrolment,820,724,-6.22
Forbesganj,45-60,425,Duplicate enrolment,222,203,-4.47
Forbesganj,61-75,140,Duplicate enrolment,81,59,-15.71
Forbesganj,75+,33,Duplicate enrolment,17,16,-3.03
Forbesganj,18-29,"1,980",Permanently shifted,640,"1,340",35.35
Forbesganj,30-44,"4,747",Permanently shifted,"1,846","2,901",22.22
Forbesganj,45-60,"1,873",Permanently shifted,"1,027",846,-9.66
Forbesganj,61-75,547,Permanently shifted,307,240,-12.25
Forbesganj,75+,129,Permanently shifted,67,62,-3.88
Forbesganj,18-29,608,Untraceable,313,295,-2.96
Forbesganj,30-44,"1,123",Untraceable,531,592,5.43
Forbesganj,45-60,390,Untraceable,188,202,3.59
Forbesganj,61-75,134,Untraceable,77,57,-14.93
Forbesganj,75+,30,Untraceable,12,18,20
Araria,18-29,419,Deceased,213,206,-1.67
Araria,30-44,"1,426",Deceased,718,708,-0.7
Araria,45-60,"2,467",Deceased,"1,124","1,343",8.88
Araria,61-75,"3,530",Deceased,"1,745","1,785",1.13
Araria,75+,"2,458",Deceased,"1,225","1,233",0.33
Araria,18-29,672,Duplicate enrolment,344,328,-2.38
Araria,30-44,"1,005",Duplicate enrolment,531,474,-5.67
Araria,45-60,302,Duplicate enrolment,169,133,-11.92
Araria,61-75,97,Duplicate enrolment,55,42,-13.4
Araria,75+,27,Duplicate enrolment,16,11,-18.52
Araria,18-29,"2,480",Permanently shifted,751,"1,729",39.44
Araria,30-44,"4,050",Permanently shifted,"1,496","2,554",26.12
Araria,45-60,"1,997",Permanently shifted,953,"1,044",4.56
Araria,61-75,666,Permanently shifted,340,326,-2.1
Araria,75+,190,Permanently shifted,87,103,8.42
Araria,18-29,812,Untraceable,367,445,9.61
Araria,30-44,"1,029",Untraceable,480,549,6.71
Araria,45-60,448,Untraceable,213,235,4.91
Araria,61-75,175,Untraceable,84,91,4
Araria,75+,78,Untraceable,42,36,-7.69
Jokihat,18-29,361,Deceased,181,180,-0.28
Jokihat,30-44,"1,554",Deceased,707,847,9.01
Jokihat,45-60,"2,565",Deceased,"1,018","1,547",20.62
Jokihat,61-75,"3,704",Deceased,"1,664","2,040",10.15
Jokihat,75+,"2,529",Deceased,"1,186","1,343",6.21
Jokihat,18-29,824,Duplicate enrolment,397,427,3.64
Jokihat,30-44,"1,744",Duplicate enrolment,930,814,-6.65
Jokihat,45-60,529,Duplicate enrolment,255,274,3.59
Jokihat,61-75,183,Duplicate enrolment,84,99,8.2
Jokihat,75+,51,Duplicate enrolment,24,27,5.88
Jokihat,18-29,"1,396",Permanently shifted,359,"1,037",48.57
Jokihat,30-44,"2,710",Permanently shifted,978,"1,732",27.82
Jokihat,45-60,"1,225",Permanently shifted,569,656,7.1
Jokihat,61-75,352,Permanently shifted,190,162,-7.95
Jokihat,75+,79,Permanently shifted,32,47,18.99
Jokihat,18-29,675,Untraceable,294,381,12.89
Jokihat,30-44,"1,243",Untraceable,528,715,15.04
Jokihat,45-60,469,Untraceable,203,266,13.43
Jokihat,61-75,165,Untraceable,74,91,10.3
Jokihat,75+,76,Untraceable,34,42,10.53
Sikti,18-29,304,Deceased,147,157,3.29
Sikti,30-44,"1,092",Deceased,496,596,9.16
Sikti,45-60,"2,502",Deceased,"1,031","1,471",17.59
Sikti,61-75,"3,629",Deceased,"1,751","1,878",3.5
Sikti,75+,"2,409",Deceased,"1,157","1,252",3.94
Sikti,18-29,877,Duplicate enrolment,423,454,3.53
Sikti,30-44,"1,294",Duplicate enrolment,690,604,-6.65
Sikti,45-60,401,Duplicate enrolment,204,197,-1.75
Sikti,61-75,129,Duplicate enrolment,59,70,8.53
Sikti,75+,35,Duplicate enrolment,13,22,25.71
Sikti,18-29,"1,091",Permanently shifted,275,816,49.59
Sikti,30-44,"2,474",Permanently shifted,947,"1,527",23.44
Sikti,45-60,"1,371",Permanently shifted,671,700,2.12
Sikti,61-75,457,Permanently shifted,234,223,-2.41
Sikti,75+,89,Permanently shifted,47,42,-5.62
Sikti,18-29,370,Untraceable,160,210,13.51
Sikti,30-44,711,Untraceable,317,394,10.83
Sikti,45-60,355,Untraceable,164,191,7.61
Sikti,61-75,136,Untraceable,56,80,17.65
Sikti,75+,44,Untraceable,22,22,0
Bahadurganj,18-29,305,Deceased,120,185,21.31
Bahadurganj,30-44,"1,156",Deceased,508,648,12.11
Bahadurganj,45-60,"2,318",Deceased,"1,016","1,302",12.34
Bahadurganj,61-75,"3,490",Deceased,"1,692","1,798",3.04
Bahadurganj,75+,"2,213",Deceased,"1,013","1,200",8.45
Bahadurganj,18-29,879,Duplicate enrolment,424,455,3.53
Bahadurganj,30-44,"1,744",Duplicate enrolment,974,770,-11.7
Bahadurganj,45-60,696,Duplicate enrolment,359,337,-3.16
Bahadurganj,61-75,202,Duplicate enrolment,96,106,4.95
Bahadurganj,75+,42,Duplicate enrolment,16,26,23.81
Bahadurganj,18-29,"4,213",Permanently shifted,527,"3,686",74.98
Bahadurganj,30-44,"5,690",Permanently shifted,"1,653","4,037",41.9
Bahadurganj,45-60,"2,063",Permanently shifted,857,"1,206",16.92
Bahadurganj,61-75,618,Permanently shifted,286,332,7.44
Bahadurganj,75+,156,Permanently shifted,62,94,20.51
Bahadurganj,18-29,"2,924",Untraceable,"1,111","1,813",24.01
Bahadurganj,30-44,"4,790",Untraceable,"2,184","2,606",8.81
Bahadurganj,45-60,"1,912",Untraceable,880,"1,032",7.95
Bahadurganj,61-75,744,Untraceable,323,421,13.17
Bahadurganj,75+,351,Untraceable,113,238,35.61
Thakurganj,18-29,257,Deceased,123,134,4.28
Thakurganj,30-44,"1,169",Deceased,493,676,15.65
Thakurganj,45-60,"2,278",Deceased,"1,022","1,256",10.27
Thakurganj,61-75,"3,046",Deceased,"1,369","1,677",10.11
Thakurganj,75+,"1,660",Deceased,724,936,12.77
Thakurganj,18-29,660,Duplicate enrolment,313,347,5.15
Thakurganj,30-44,"1,220",Duplicate enrolment,602,618,1.31
Thakurganj,45-60,380,Duplicate enrolment,171,209,10
Thakurganj,61-75,87,Duplicate enrolment,43,44,1.15
Thakurganj,75+,17,Duplicate enrolment,7,10,17.65
Thakurganj,18-29,"3,230",Permanently shifted,349,"2,881",78.39
Thakurganj,30-44,"4,922",Permanently shifted,"1,311","3,611",46.73
Thakurganj,45-60,"1,873",Permanently shifted,894,979,4.54
Thakurganj,61-75,489,Permanently shifted,252,237,-3.07
Thakurganj,75+,100,Permanently shifted,36,64,28
Thakurganj,18-29,"1,979",Untraceable,817,"1,162",17.43
Thakurganj,30-44,"3,591",Untraceable,"1,556","2,035",13.34
Thakurganj,45-60,"1,500",Untraceable,681,819,9.2
Thakurganj,61-75,588,Untraceable,239,349,18.71
Thakurganj,75+,188,Untraceable,55,133,41.49
Kishanganj,18-29,372,Deceased,186,186,0
Kishanganj,30-44,"1,769",Deceased,879,890,0.62
Kishanganj,45-60,"3,110",Deceased,"1,484","1,626",4.57
Kishanganj,61-75,"4,422",Deceased,"2,285","2,137",-3.35
Kishanganj,75+,"2,718",Deceased,"1,421","1,297",-4.56
Kishanganj,18-29,814,Duplicate enrolment,413,401,-1.47
Kishanganj,30-44,"1,488",Duplicate enrolment,752,736,-1.08
Kishanganj,45-60,477,Duplicate enrolment,233,244,2.31
Kishanganj,61-75,149,Duplicate enrolment,74,75,0.67
Kishanganj,75+,33,Duplicate enrolment,12,21,27.27
Kishanganj,18-29,"4,897",Permanently shifted,900,"3,997",63.24
Kishanganj,30-44,"11,194",Permanently shifted,"2,969","8,225",46.95
Kishanganj,45-60,"4,448",Permanently shifted,"2,099","2,349",5.62
Kishanganj,61-75,"1,543",Permanently shifted,810,733,-4.99
Kishanganj,75+,377,Permanently shifted,163,214,13.53
Kishanganj,18-29,"2,439",Untraceable,961,"1,478",21.2
Kishanganj,30-44,"5,124",Untraceable,"2,100","3,024",18.03
Kishanganj,45-60,"2,382",Untraceable,"1,124","1,258",5.63
Kishanganj,61-75,"1,028",Untraceable,512,516,0.39
Kishanganj,75+,409,Untraceable,171,238,16.38
Kochadhaman,18-29,266,Deceased,110,156,17.29
Kochadhaman,30-44,"1,271",Deceased,563,708,11.41
Kochadhaman,45-60,"2,089",Deceased,932,"1,157",10.77
Kochadhaman,61-75,"3,271",Deceased,"1,582","1,689",3.27
Kochadhaman,75+,"2,251",Deceased,"1,018","1,233",9.55
Kochadhaman,18-29,885,Duplicate enrolment,429,456,3.05
Kochadhaman,30-44,"1,874",Duplicate enrolment,"1,061",813,-13.23
Kochadhaman,45-60,720,Duplicate enrolment,360,360,0
Kochadhaman,61-75,159,Duplicate enrolment,76,83,4.4
Kochadhaman,75+,37,Duplicate enrolment,10,27,45.95
Kochadhaman,18-29,"3,537",Permanently shifted,580,"2,957",67.2
Kochadhaman,30-44,"6,585",Permanently shifted,"1,760","4,825",46.55
Kochadhaman,45-60,"2,620",Permanently shifted,"1,051","1,569",19.77
Kochadhaman,61-75,656,Permanently shifted,321,335,2.13
Kochadhaman,75+,148,Permanently shifted,58,90,21.62
Kochadhaman,18-29,"1,048",Untraceable,380,668,27.48
Kochadhaman,30-44,"1,935",Untraceable,846,"1,089",12.56
Kochadhaman,45-60,894,Untraceable,366,528,18.12
Kochadhaman,61-75,295,Untraceable,127,168,13.9
Kochadhaman,75+,130,Untraceable,46,84,29.23
Amour,18-29,497,Deceased,168,329,32.39
Amour,30-44,"2,105",Deceased,898,"1,207",14.68
Amour,45-60,"3,578",Deceased,"1,450","2,128",18.95
Amour,61-75,"4,979",Deceased,"2,304","2,675",7.45
Amour,75+,"3,245",Deceased,"1,514","1,731",6.69
Amour,18-29,723,Duplicate enrolment,355,368,1.8
Amour,30-44,"1,489",Duplicate enrolment,820,669,-10.14
Amour,45-60,319,Duplicate enrolment,159,160,0.31
Amour,61-75,108,Duplicate enrolment,56,52,-3.7
Amour,75+,23,Duplicate enrolment,9,14,21.74
Amour,18-29,"4,225",Permanently shifted,809,"3,416",61.7
Amour,30-44,"8,282",Permanently shifted,"2,475","5,807",40.23
Amour,45-60,"2,628",Permanently shifted,"1,211","1,417",7.84
Amour,61-75,735,Permanently shifted,353,382,3.95
Amour,75+,204,Permanently shifted,91,113,10.78
Amour,18-29,"3,975",Untraceable,"1,434","2,541",27.85
Amour,30-44,"6,523",Untraceable,"2,748","3,775",15.74
Amour,45-60,"2,016",Untraceable,863,"1,153",14.38
Amour,61-75,910,Untraceable,400,510,12.09
Amour,75+,361,Untraceable,125,236,30.75
Baisi,18-29,357,Deceased,149,208,16.53
Baisi,30-44,"1,453",Deceased,671,782,7.64
Baisi,45-60,"2,788",Deceased,"1,221","1,567",12.41
Baisi,61-75,"3,216",Deceased,"1,550","1,666",3.61
Baisi,75+,"1,836",Deceased,889,947,3.16
Baisi,18-29,603,Duplicate enrolment,246,357,18.41
Baisi,30-44,779,Duplicate enrolment,353,426,9.37
Baisi,45-60,188,Duplicate enrolment,78,110,17.02
Baisi,61-75,42,Duplicate enrolment,20,22,4.76
Baisi,75+,19,Duplicate enrolment,7,12,26.32
Baisi,18-29,"2,799",Permanently shifted,541,"2,258",61.34
Baisi,30-44,"4,412",Permanently shifted,"1,504","2,908",31.82
Baisi,45-60,"1,691",Permanently shifted,801,890,5.26
Baisi,61-75,348,Permanently shifted,181,167,-4.02
Baisi,75+,92,Permanently shifted,32,60,30.43
Baisi,18-29,"1,682",Untraceable,489,"1,193",41.85
Baisi,30-44,"2,781",Untraceable,"1,173","1,608",15.64
Baisi,45-60,957,Untraceable,448,509,6.37
Baisi,61-75,340,Untraceable,139,201,18.24
Baisi,75+,162,Untraceable,51,111,37.04
Kasba,18-29,343,Deceased,185,158,-7.87
Kasba,30-44,"1,975",Deceased,"1,030",945,-4.3
Kasba,45-60,"3,845",Deceased,"1,861","1,984",3.2
Kasba,61-75,"4,033",Deceased,"2,029","2,004",-0.62
Kasba,75+,"2,064",Deceased,935,"1,129",9.4
Kasba,18-29,"1,130",Duplicate enrolment,580,550,-2.65
Kasba,30-44,"1,785",Duplicate enrolment,919,866,-2.97
Kasba,45-60,457,Duplicate enrolment,226,231,1.09
Kasba,61-75,129,Duplicate enrolment,60,69,6.98
Kasba,75+,29,Duplicate enrolment,19,10,-31.03
Kasba,18-29,"3,399",Permanently shifted,"1,147","2,252",32.51
Kasba,30-44,"7,868",Permanently shifted,"2,934","4,934",25.42
Kasba,45-60,"3,278",Permanently shifted,"1,568","1,710",4.33
Kasba,61-75,784,Permanently shifted,383,401,2.3
Kasba,75+,216,Permanently shifted,86,130,20.37
Kasba,18-29,"1,067",Untraceable,525,542,1.59
Kasba,30-44,"2,125",Untraceable,921,"1,204",13.32
Kasba,45-60,808,Untraceable,373,435,7.67
Kasba,61-75,229,Untraceable,102,127,10.92
Kasba,75+,69,Untraceable,19,50,44.93
Banmankhi (SC),18-29,379,Deceased,195,184,-2.9
Banmankhi (SC),30-44,"1,872",Deceased,934,938,0.21
Banmankhi (SC),45-60,"3,890",Deceased,"1,897","1,993",2.47
Banmankhi (SC),61-75,"4,097",Deceased,"2,031","2,066",0.85
Banmankhi (SC),75+,"2,228",Deceased,"1,061","1,167",4.76
Banmankhi (SC),18-29,727,Duplicate enrolment,342,385,5.91
Banmankhi (SC),30-44,"1,032",Duplicate enrolment,546,486,-5.81
Banmankhi (SC),45-60,315,Duplicate enrolment,151,164,4.13
Banmankhi (SC),61-75,83,Duplicate enrolment,45,38,-8.43
Banmankhi (SC),75+,25,Duplicate enrolment,12,13,4
Banmankhi (SC),18-29,"3,558",Permanently shifted,"1,067","2,491",40.02
Banmankhi (SC),30-44,"8,509",Permanently shifted,"3,203","5,306",24.72
Banmankhi (SC),45-60,"4,422",Permanently shifted,"2,222","2,200",-0.5
Banmankhi (SC),61-75,"1,058",Permanently shifted,562,496,-6.24
Banmankhi (SC),75+,331,Permanently shifted,132,199,20.24
Banmankhi (SC),18-29,934,Untraceable,364,570,22.06
Banmankhi (SC),30-44,"1,885",Untraceable,882,"1,003",6.42
Banmankhi (SC),45-60,918,Untraceable,449,469,2.18
Banmankhi (SC),61-75,269,Untraceable,134,135,0.37
Banmankhi (SC),75+,90,Untraceable,38,52,15.56
Rupauli,18-29,306,Deceased,142,164,7.19
Rupauli,30-44,"1,553",Deceased,735,818,5.34
Rupauli,45-60,"2,864",Deceased,"1,321","1,543",7.75
Rupauli,61-75,"3,223",Deceased,"1,619","1,604",-0.47
Rupauli,75+,"1,752",Deceased,769,983,12.21
Rupauli,18-29,718,Duplicate enrolment,352,366,1.95
Rupauli,30-44,"1,662",Duplicate enrolment,825,837,0.72
Rupauli,45-60,680,Duplicate enrolment,347,333,-2.06
Rupauli,61-75,167,Duplicate enrolment,86,81,-2.99
Rupauli,75+,38,Duplicate enrolment,19,19,0
Rupauli,18-29,"2,812",Permanently shifted,852,"1,960",39.4
Rupauli,30-44,"7,269",Permanently shifted,"2,776","4,493",23.62
Rupauli,45-60,"4,581",Permanently shifted,"2,271","2,310",0.85
Rupauli,61-75,"1,052",Permanently shifted,538,514,-2.28
Rupauli,75+,275,Permanently shifted,123,152,10.55
Rupauli,18-29,"1,175",Untraceable,442,733,24.77
Rupauli,30-44,"2,974",Untraceable,"1,352","1,622",9.08
Rupauli,45-60,"1,587",Untraceable,783,804,1.32
Rupauli,61-75,490,Untraceable,210,280,14.29
Rupauli,75+,149,Untraceable,44,105,40.94
Dhamdaha,18-29,352,Deceased,203,149,-15.34
Dhamdaha,30-44,"2,247",Deceased,"1,156","1,091",-2.89
Dhamdaha,45-60,"4,798",Deceased,"2,447","2,351",-2
Dhamdaha,61-75,"5,357",Deceased,"2,752","2,605",-2.74
Dhamdaha,75+,"3,294",Deceased,"1,579","1,715",4.13
Dhamdaha,18-29,983,Duplicate enrolment,512,471,-4.17
Dhamdaha,30-44,"1,935",Duplicate enrolment,"1,020",915,-5.43
Dhamdaha,45-60,663,Duplicate enrolment,332,331,-0.15
Dhamdaha,61-75,182,Duplicate enrolment,86,96,5.49
Dhamdaha,75+,58,Duplicate enrolment,25,33,13.79
Dhamdaha,18-29,"4,064",Permanently shifted,"1,408","2,656",30.71
Dhamdaha,30-44,"8,729",Permanently shifted,"3,289","5,440",24.64
Dhamdaha,45-60,"4,591",Permanently shifted,"2,333","2,258",-1.63
Dhamdaha,61-75,"1,061",Permanently shifted,522,539,1.6
Dhamdaha,75+,271,Permanently shifted,122,149,9.96
Dhamdaha,18-29,"1,141",Untraceable,525,616,7.98
Dhamdaha,30-44,"1,985",Untraceable,897,"1,088",9.62
Dhamdaha,45-60,908,Untraceable,463,445,-1.98
Dhamdaha,61-75,224,Untraceable,108,116,3.57
Dhamdaha,75+,74,Untraceable,28,46,24.32
Purnia,18-29,202,Deceased,100,102,0.99
Purnia,30-44,"1,525",Deceased,917,608,-20.26
Purnia,45-60,"3,162",Deceased,"1,767","1,395",-11.76
Purnia,61-75,"3,773",Deceased,"2,107","1,666",-11.69
Purnia,75+,"2,404",Deceased,"1,264","1,140",-5.16
Purnia,18-29,601,Duplicate enrolment,289,312,3.83
Purnia,30-44,"1,128",Duplicate enrolment,576,552,-2.13
Purnia,45-60,524,Duplicate enrolment,279,245,-6.49
Purnia,61-75,156,Duplicate enrolment,81,75,-3.85
Purnia,75+,43,Duplicate enrolment,16,27,25.58
Purnia,18-29,"2,122",Permanently shifted,704,"1,418",33.65
Purnia,30-44,"7,403",Permanently shifted,"2,987","4,416",19.3
Purnia,45-60,"4,282",Permanently shifted,"2,259","2,023",-5.51
Purnia,61-75,"1,325",Permanently shifted,719,606,-8.53
Purnia,75+,339,Permanently shifted,187,152,-10.32
Purnia,18-29,"3,152",Untraceable,"1,455","1,697",7.68
Purnia,30-44,"9,348",Untraceable,"4,389","4,959",6.1
Purnia,45-60,"5,526",Untraceable,"2,998","2,528",-8.51
Purnia,61-75,"2,007",Untraceable,"1,060",947,-5.63
Purnia,75+,820,Untraceable,414,406,-0.98
Katihar,18-29,119,Deceased,64,55,-7.56
Katihar,30-44,503,Deceased,272,231,-8.15
Katihar,45-60,896,Deceased,474,422,-5.8
Katihar,61-75,"1,245",Deceased,652,593,-4.74
Katihar,75+,670,Deceased,323,347,3.58
Katihar,18-29,445,Duplicate enrolment,194,251,12.81
Katihar,30-44,686,Duplicate enrolment,336,350,2.04
Katihar,45-60,317,Duplicate enrolment,170,147,-7.26
Katihar,61-75,107,Duplicate enrolment,55,52,-2.8
Katihar,75+,17,Duplicate enrolment,7,10,17.65
Katihar,18-29,"1,970",Permanently shifted,548,"1,422",44.37
Katihar,30-44,"4,818",Permanently shifted,"1,979","2,839",17.85
Katihar,45-60,"2,645",Permanently shifted,"1,414","1,231",-6.92
Katihar,61-75,947,Permanently shifted,517,430,-9.19
Katihar,75+,210,Permanently shifted,97,113,7.62
Katihar,18-29,"1,306",Untraceable,535,771,18.07
Katihar,30-44,"3,471",Untraceable,"1,624","1,847",6.42
Katihar,45-60,"1,792",Untraceable,950,842,-6.03
Katihar,61-75,728,Untraceable,370,358,-1.65
Katihar,75+,200,Untraceable,84,116,16
Kadwa,18-29,359,Deceased,152,207,15.32
Kadwa,30-44,"1,810",Deceased,946,864,-4.53
Kadwa,45-60,"2,812",Deceased,"1,323","1,489",5.9
Kadwa,61-75,"4,164",Deceased,"1,998","2,166",4.03
Kadwa,75+,"2,627",Deceased,"1,214","1,413",7.58
Kadwa,18-29,"1,052",Duplicate enrolment,514,538,2.28
Kadwa,30-44,"1,728",Duplicate enrolment,858,870,0.69
Kadwa,45-60,344,Duplicate enrolment,159,185,7.56
Kadwa,61-75,112,Duplicate enrolment,61,51,-8.93
Kadwa,75+,20,Duplicate enrolment,11,9,-10
Kadwa,18-29,"3,521",Permanently shifted,799,"2,722",54.62
Kadwa,30-44,"6,960",Permanently shifted,"2,337","4,623",32.84
Kadwa,45-60,"2,067",Permanently shifted,951,"1,116",7.98
Kadwa,61-75,612,Permanently shifted,300,312,1.96
Kadwa,75+,159,Permanently shifted,60,99,24.53
Kadwa,18-29,542,Untraceable,217,325,19.93
Kadwa,30-44,936,Untraceable,436,500,6.84
Kadwa,45-60,274,Untraceable,140,134,-2.19
Kadwa,61-75,123,Untraceable,54,69,12.2
Kadwa,75+,52,Untraceable,22,30,15.38
Balrampur,18-29,363,Deceased,150,213,17.36
Balrampur,30-44,"1,398",Deceased,613,785,12.3
Balrampur,45-60,"2,056",Deceased,951,"1,105",7.49
Balrampur,61-75,"2,943",Deceased,"1,354","1,589",7.99
Balrampur,75+,"1,500",Deceased,596,904,20.53
Balrampur,18-29,832,Duplicate enrolment,412,420,0.96
Balrampur,30-44,"1,229",Duplicate enrolment,616,613,-0.24
Balrampur,45-60,285,Duplicate enrolment,120,165,15.79
Balrampur,61-75,107,Duplicate enrolment,52,55,2.8
Balrampur,75+,27,Duplicate enrolment,8,19,40.74
Balrampur,18-29,"3,750",Permanently shifted,899,"2,851",52.05
Balrampur,30-44,"6,963",Permanently shifted,"2,308","4,655",33.71
Balrampur,45-60,"2,174",Permanently shifted,"1,065","1,109",2.02
Balrampur,61-75,735,Permanently shifted,368,367,-0.14
Balrampur,75+,184,Permanently shifted,68,116,26.09
Balrampur,18-29,"1,479",Untraceable,590,889,20.22
Balrampur,30-44,"2,245",Untraceable,999,"1,246",11
Balrampur,45-60,698,Untraceable,329,369,5.73
Balrampur,61-75,266,Untraceable,118,148,11.28
Balrampur,75+,85,Untraceable,27,58,36.47
Pranpur,18-29,256,Deceased,121,135,5.47
Pranpur,30-44,"1,098",Deceased,538,560,2
Pranpur,45-60,"1,679",Deceased,782,897,6.85
Pranpur,61-75,"2,331",Deceased,"1,134","1,197",2.7
Pranpur,75+,"1,157",Deceased,507,650,12.36
Pranpur,18-29,707,Duplicate enrolment,285,422,19.38
Pranpur,30-44,927,Duplicate enrolment,463,464,0.11
Pranpur,45-60,148,Duplicate enrolment,69,79,6.76
Pranpur,61-75,43,Duplicate enrolment,18,25,16.28
Pranpur,75+,8,Duplicate enrolment,4,4,0
Pranpur,18-29,"2,390",Permanently shifted,540,"1,850",54.81
Pranpur,30-44,"3,894",Permanently shifted,"1,383","2,511",28.97
Pranpur,45-60,"1,241",Permanently shifted,587,654,5.4
Pranpur,61-75,388,Permanently shifted,208,180,-7.22
Pranpur,75+,72,Permanently shifted,31,41,13.89
Pranpur,18-29,"2,855",Untraceable,"1,107","1,748",22.45
Pranpur,30-44,"4,634",Untraceable,"2,083","2,551",10.1
Pranpur,45-60,"1,272",Untraceable,587,685,7.7
Pranpur,61-75,604,Untraceable,259,345,14.24
Pranpur,75+,203,Untraceable,74,129,27.09
Manihari (ST),18-29,290,Deceased,156,134,-7.59
Manihari (ST),30-44,"1,056",Deceased,550,506,-4.17
Manihari (ST),45-60,"2,209",Deceased,"1,045","1,164",5.39
Manihari (ST),61-75,"3,337",Deceased,"1,629","1,708",2.37
Manihari (ST),75+,"2,436",Deceased,"1,075","1,361",11.74
Manihari (ST),18-29,"1,049",Duplicate enrolment,523,526,0.29
Manihari (ST),30-44,"1,135",Duplicate enrolment,570,565,-0.44
Manihari (ST),45-60,374,Duplicate enrolment,195,179,-4.28
Manihari (ST),61-75,120,Duplicate enrolment,64,56,-6.67
Manihari (ST),75+,24,Duplicate enrolment,11,13,8.33
Manihari (ST),18-29,"3,200",Permanently shifted,"1,143","2,057",28.56
Manihari (ST),30-44,"5,182",Permanently shifted,"2,077","3,105",19.84
Manihari (ST),45-60,"3,678",Permanently shifted,"1,809","1,869",1.63
Manihari (ST),61-75,"1,266",Permanently shifted,675,591,-6.64
Manihari (ST),75+,299,Permanently shifted,145,154,3.01
Manihari (ST),18-29,716,Untraceable,346,370,3.35
Manihari (ST),30-44,666,Untraceable,302,364,9.31
Manihari (ST),45-60,315,Untraceable,142,173,9.84
Manihari (ST),61-75,122,Untraceable,58,64,4.92
Manihari (ST),75+,35,Untraceable,15,20,14.29
Barari,18-29,258,Deceased,122,136,5.43
Barari,30-44,"1,114",Deceased,573,541,-2.87
Barari,45-60,"1,958",Deceased,990,968,-1.12
Barari,61-75,"2,691",Deceased,"1,270","1,421",5.61
Barari,75+,"2,144",Deceased,986,"1,158",8.02
Barari,18-29,765,Duplicate enrolment,364,401,4.84
Barari,30-44,857,Duplicate enrolment,419,438,2.22
Barari,45-60,178,Duplicate enrolment,83,95,6.74
Barari,61-75,51,Duplicate enrolment,22,29,13.73
Barari,75+,9,Duplicate enrolment,6,3,-33.33
Barari,18-29,"2,225",Permanently shifted,717,"1,508",35.55
Barari,30-44,"4,204",Permanently shifted,"1,471","2,733",30.02
Barari,45-60,"2,354",Permanently shifted,"1,152","1,202",2.12
Barari,61-75,757,Permanently shifted,389,368,-2.77
Barari,75+,191,Permanently shifted,87,104,8.9
Barari,18-29,816,Untraceable,304,512,25.49
Barari,30-44,"1,134",Untraceable,478,656,15.7
Barari,45-60,505,Untraceable,226,279,10.5
Barari,61-75,163,Untraceable,56,107,31.29
Barari,75+,73,Untraceable,19,54,47.95
Korha (SC),18-29,339,Deceased,163,176,3.83
Korha (SC),30-44,"1,825",Deceased,"1,002",823,-9.81
Korha (SC),45-60,"2,823",Deceased,"1,466","1,357",-3.86
Korha (SC),61-75,"3,821",Deceased,"1,883","1,938",1.44
Korha (SC),75+,"2,416",Deceased,"1,152","1,264",4.64
Korha (SC),18-29,955,Duplicate enrolment,456,499,4.5
Korha (SC),30-44,"1,581",Duplicate enrolment,772,809,2.34
Korha (SC),45-60,434,Duplicate enrolment,194,240,10.6
Korha (SC),61-75,159,Duplicate enrolment,76,83,4.4
Korha (SC),75+,31,Duplicate enrolment,11,20,29.03
Korha (SC),18-29,"2,760",Permanently shifted,898,"1,862",34.93
Korha (SC),30-44,"4,869",Permanently shifted,"1,803","3,066",25.94
Korha (SC),45-60,"2,275",Permanently shifted,"1,075","1,200",5.49
Korha (SC),61-75,618,Permanently shifted,308,310,0.32
Korha (SC),75+,156,Permanently shifted,56,100,28.21
Korha (SC),18-29,201,Untraceable,76,125,24.38
Korha (SC),30-44,224,Untraceable,97,127,13.39
Korha (SC),45-60,77,Untraceable,32,45,16.88
Korha (SC),61-75,34,Untraceable,17,17,0
Korha (SC),75+,18,Untraceable,5,13,44.44
Alamnagar,18-29,364,Deceased,191,173,-4.95
Alamnagar,30-44,"1,617",Deceased,765,852,5.38
Alamnagar,45-60,"2,883",Deceased,"1,308","1,575",9.26
Alamnagar,61-75,"3,319",Deceased,"1,606","1,713",3.22
Alamnagar,75+,"1,765",Deceased,808,957,8.44
Alamnagar,18-29,"1,329",Duplicate enrolment,672,657,-1.13
Alamnagar,30-44,"1,786",Duplicate enrolment,953,833,-6.72
Alamnagar,45-60,530,Duplicate enrolment,264,266,0.38
Alamnagar,61-75,120,Duplicate enrolment,61,59,-1.67
Alamnagar,75+,27,Duplicate enrolment,9,18,33.33
Alamnagar,18-29,"4,376",Permanently shifted,"1,397","2,979",36.15
Alamnagar,30-44,"8,090",Permanently shifted,"3,100","4,990",23.36
Alamnagar,45-60,"3,725",Permanently shifted,"1,867","1,858",-0.24
Alamnagar,61-75,992,Permanently shifted,526,466,-6.05
Alamnagar,75+,197,Permanently shifted,90,107,8.63
Alamnagar,18-29,561,Untraceable,226,335,19.43
Alamnagar,30-44,621,Untraceable,292,329,5.96
Alamnagar,45-60,237,Untraceable,131,106,-10.55
Alamnagar,61-75,75,Untraceable,37,38,1.33
Alamnagar,75+,24,Untraceable,9,15,25
Bihariganj,18-29,256,Deceased,118,138,7.81
Bihariganj,30-44,"1,151",Deceased,560,591,2.69
Bihariganj,45-60,"2,259",Deceased,"1,109","1,150",1.81
Bihariganj,61-75,"2,811",Deceased,"1,369","1,442",2.6
Bihariganj,75+,"1,338",Deceased,621,717,7.17
Bihariganj,18-29,851,Duplicate enrolment,419,432,1.53
Bihariganj,30-44,909,Duplicate enrolment,453,456,0.33
Bihariganj,45-60,195,Duplicate enrolment,85,110,12.82
Bihariganj,61-75,52,Duplicate enrolment,30,22,-15.38
Bihariganj,75+,11,Duplicate enrolment,7,4,-27.27
Bihariganj,18-29,"2,541",Permanently shifted,782,"1,759",38.45
Bihariganj,30-44,"4,936",Permanently shifted,"1,798","3,138",27.15
Bihariganj,45-60,"2,269",Permanently shifted,"1,172","1,097",-3.31
Bihariganj,61-75,579,Permanently shifted,308,271,-6.39
Bihariganj,75+,135,Permanently shifted,62,73,8.15
Bihariganj,18-29,407,Untraceable,188,219,7.62
Bihariganj,30-44,421,Untraceable,205,216,2.61
Bihariganj,45-60,234,Untraceable,122,112,-4.27
Bihariganj,61-75,52,Untraceable,25,27,3.85
Bihariganj,75+,9,Untraceable,8,1,-77.78
Singheshwar (SC),18-29,259,Deceased,135,124,-4.25
Singheshwar (SC),30-44,"1,076",Deceased,484,592,10.04
Singheshwar (SC),45-60,"2,219",Deceased,"1,051","1,168",5.27
Singheshwar (SC),61-75,"2,889",Deceased,"1,376","1,513",4.74
Singheshwar (SC),75+,"1,406",Deceased,711,695,-1.14
Singheshwar (SC),18-29,954,Duplicate enrolment,509,445,-6.71
Singheshwar (SC),30-44,"1,143",Duplicate enrolment,578,565,-1.14
Singheshwar (SC),45-60,322,Duplicate enrolment,160,162,0.62
Singheshwar (SC),61-75,78,Duplicate enrolment,39,39,0
Singheshwar (SC),75+,16,Duplicate enrolment,10,6,-25
Singheshwar (SC),18-29,"3,185",Permanently shifted,"1,025","2,160",35.64
Singheshwar (SC),30-44,"4,173",Permanently shifted,"1,466","2,707",29.74
Singheshwar (SC),45-60,"1,512",Permanently shifted,740,772,2.12
Singheshwar (SC),61-75,355,Permanently shifted,176,179,0.85
Singheshwar (SC),75+,92,Permanently shifted,40,52,13.04
Singheshwar (SC),18-29,460,Untraceable,194,266,15.65
Singheshwar (SC),30-44,442,Untraceable,206,236,6.79
Singheshwar (SC),45-60,155,Untraceable,87,68,-12.26
Singheshwar (SC),61-75,52,Untraceable,23,29,11.54
Singheshwar (SC),75+,14,Untraceable,5,9,28.57
Madhepura,18-29,248,Deceased,116,132,6.45
Madhepura,30-44,"1,043",Deceased,535,508,-2.59
Madhepura,45-60,"2,345",Deceased,"1,173","1,172",-0.04
Madhepura,61-75,"3,304",Deceased,"1,663","1,641",-0.67
Madhepura,75+,"1,681",Deceased,758,923,9.82
Madhepura,18-29,957,Duplicate enrolment,509,448,-6.37
Madhepura,30-44,766,Duplicate enrolment,406,360,-6.01
Madhepura,45-60,271,Duplicate enrolment,127,144,6.27
Madhepura,61-75,79,Duplicate enrolment,36,43,8.86
Madhepura,75+,17,Duplicate enrolment,11,6,-29.41
Madhepura,18-29,"3,165",Permanently shifted,"1,094","2,071",30.87
Madhepura,30-44,"5,416",Permanently shifted,"2,075","3,341",23.38
Madhepura,45-60,"2,512",Permanently shifted,"1,268","1,244",-0.96
Madhepura,61-75,736,Permanently shifted,414,322,-12.5
Madhepura,75+,140,Permanently shifted,64,76,8.57
Madhepura,18-29,156,Untraceable,66,90,15.38
Madhepura,30-44,184,Untraceable,88,96,4.35
Madhepura,45-60,94,Untraceable,58,36,-23.4
Madhepura,61-75,35,Untraceable,15,20,14.29
Madhepura,75+,11,Untraceable,5,6,9.09
Sonbarsha (SC),18-29,373,Deceased,204,169,-9.38
Sonbarsha (SC),30-44,"1,558",Deceased,735,823,5.65
Sonbarsha (SC),45-60,"2,504",Deceased,"1,185","1,319",5.35
Sonbarsha (SC),61-75,"3,457",Deceased,"1,623","1,834",6.1
Sonbarsha (SC),75+,"2,125",Deceased,958,"1,167",9.84
Sonbarsha (SC),18-29,"1,056",Duplicate enrolment,549,507,-3.98
Sonbarsha (SC),30-44,"1,796",Duplicate enrolment,980,816,-9.13
Sonbarsha (SC),45-60,646,Duplicate enrolment,307,339,4.95
Sonbarsha (SC),61-75,222,Duplicate enrolment,113,109,-1.8
Sonbarsha (SC),75+,42,Duplicate enrolment,11,31,47.62
Sonbarsha (SC),18-29,"3,773",Permanently shifted,"1,196","2,577",36.6
Sonbarsha (SC),30-44,"6,905",Permanently shifted,"2,504","4,401",27.47
Sonbarsha (SC),45-60,"3,466",Permanently shifted,"1,627","1,839",6.12
Sonbarsha (SC),61-75,"1,018",Permanently shifted,517,501,-1.57
Sonbarsha (SC),75+,222,Permanently shifted,99,123,10.81
Sonbarsha (SC),18-29,"1,539",Untraceable,667,872,13.32
Sonbarsha (SC),30-44,"2,618",Untraceable,"1,211","1,407",7.49
Sonbarsha (SC),45-60,"1,236",Untraceable,645,591,-4.37
Sonbarsha (SC),61-75,370,Untraceable,176,194,4.86
Sonbarsha (SC),75+,119,Untraceable,50,69,15.97
Saharsa,18-29,263,Deceased,133,130,-1.14
Saharsa,30-44,"1,376",Deceased,714,662,-3.78
Saharsa,45-60,"2,070",Deceased,"1,047","1,023",-1.16
Saharsa,61-75,"2,756",Deceased,"1,393","1,363",-1.09
Saharsa,75+,"1,522",Deceased,717,805,5.78
Saharsa,18-29,970,Duplicate enrolment,506,464,-4.33
Saharsa,30-44,"1,279",Duplicate enrolment,654,625,-2.27
Saharsa,45-60,387,Duplicate enrolment,206,181,-6.46
Saharsa,61-75,154,Duplicate enrolment,70,84,9.09
Saharsa,75+,28,Duplicate enrolment,10,18,28.57
Saharsa,18-29,"2,199",Permanently shifted,713,"1,486",35.15
Saharsa,30-44,"5,671",Permanently shifted,"2,305","3,366",18.71
Saharsa,45-60,"2,278",Permanently shifted,"1,234","1,044",-8.34
Saharsa,61-75,678,Permanently shifted,356,322,-5.01
Saharsa,75+,177,Permanently shifted,91,86,-2.82
Saharsa,18-29,963,Untraceable,479,484,0.52
Saharsa,30-44,"2,273",Untraceable,"1,132","1,141",0.4
Saharsa,45-60,862,Untraceable,472,390,-9.51
Saharsa,61-75,309,Untraceable,142,167,8.09
Saharsa,75+,103,Untraceable,45,58,12.62
Simri Bakhtiarpur,18-29,279,Deceased,123,156,11.83
Simri Bakhtiarpur,30-44,"1,474",Deceased,750,724,-1.76
Simri Bakhtiarpur,45-60,"2,260",Deceased,"1,123","1,137",0.62
Simri Bakhtiarpur,61-75,"3,147",Deceased,"1,505","1,642",4.35
Simri Bakhtiarpur,75+,"1,608",Deceased,694,914,13.68
Simri Bakhtiarpur,18-29,"1,386",Duplicate enrolment,725,661,-4.62
Simri Bakhtiarpur,30-44,"2,138",Duplicate enrolment,"1,135","1,003",-6.17
Simri Bakhtiarpur,45-60,604,Duplicate enrolment,295,309,2.32
Simri Bakhtiarpur,61-75,220,Duplicate enrolment,101,119,8.18
Simri Bakhtiarpur,75+,38,Duplicate enrolment,14,24,26.32
Simri Bakhtiarpur,18-29,"3,736",Permanently shifted,"1,169","2,567",37.42
Simri Bakhtiarpur,30-44,"7,914",Permanently shifted,"3,020","4,894",23.68
Simri Bakhtiarpur,45-60,"3,024",Permanently shifted,"1,517","1,507",-0.33
Simri Bakhtiarpur,61-75,832,Permanently shifted,398,434,4.33
Simri Bakhtiarpur,75+,185,Permanently shifted,72,113,22.16
Simri Bakhtiarpur,18-29,"1,587",Untraceable,670,917,15.56
Simri Bakhtiarpur,30-44,"2,472",Untraceable,"1,105","1,367",10.6
Simri Bakhtiarpur,45-60,871,Untraceable,452,419,-3.79
Simri Bakhtiarpur,61-75,280,Untraceable,125,155,10.71
Simri Bakhtiarpur,75+,70,Untraceable,30,40,14.29
Mahishi,18-29,254,Deceased,127,127,0
Mahishi,30-44,"1,330",Deceased,688,642,-3.46
Mahishi,45-60,"2,157",Deceased,"1,030","1,127",4.5
Mahishi,61-75,"2,825",Deceased,"1,349","1,476",4.5
Mahishi,75+,"1,952",Deceased,808,"1,144",17.21
Mahishi,18-29,"1,079",Duplicate enrolment,545,534,-1.02
Mahishi,30-44,"1,797",Duplicate enrolment,879,918,2.17
Mahishi,45-60,597,Duplicate enrolment,289,308,3.18
Mahishi,61-75,204,Duplicate enrolment,98,106,3.92
Mahishi,75+,60,Duplicate enrolment,26,34,13.33
Mahishi,18-29,"3,985",Permanently shifted,"1,300","2,685",34.76
Mahishi,30-44,"8,802",Permanently shifted,"3,111","5,691",29.31
Mahishi,45-60,"3,513",Permanently shifted,"1,598","1,915",9.02
Mahishi,61-75,"1,057",Permanently shifted,504,553,4.64
Mahishi,75+,334,Permanently shifted,155,179,7.19
Mahishi,18-29,"1,505",Untraceable,660,845,12.29
Mahishi,30-44,"2,892",Untraceable,"1,328","1,564",8.16
Mahishi,45-60,"1,153",Untraceable,577,576,-0.09
Mahishi,61-75,403,Untraceable,179,224,11.17
Mahishi,75+,151,Untraceable,63,88,16.56
Kusheshwar Asthan (SC),18-29,223,Deceased,89,134,20.18
Kusheshwar Asthan (SC),30-44,712,Deceased,334,378,6.18
Kusheshwar Asthan (SC),45-60,"1,118",Deceased,516,602,7.69
Kusheshwar Asthan (SC),61-75,"1,712",Deceased,724,988,15.42
Kusheshwar Asthan (SC),75+,"1,125",Deceased,422,703,24.98
Kusheshwar Asthan (SC),18-29,"1,024",Duplicate enrolment,450,574,12.11
Kusheshwar Asthan (SC),30-44,"1,266",Duplicate enrolment,599,667,5.37
Kusheshwar Asthan (SC),45-60,396,Duplicate enrolment,168,228,15.15
Kusheshwar Asthan (SC),61-75,149,Duplicate enrolment,62,87,16.78
Kusheshwar Asthan (SC),75+,18,Duplicate enrolment,5,13,44.44
Kusheshwar Asthan (SC),18-29,"2,256",Permanently shifted,592,"1,664",47.52
Kusheshwar Asthan (SC),30-44,"3,843",Permanently shifted,"1,516","2,327",21.1
Kusheshwar Asthan (SC),45-60,"2,504",Permanently shifted,"1,196","1,308",4.47
Kusheshwar Asthan (SC),61-75,846,Permanently shifted,405,441,4.26
Kusheshwar Asthan (SC),75+,187,Permanently shifted,80,107,14.44
Kusheshwar Asthan (SC),18-29,657,Untraceable,253,404,22.98
Kusheshwar Asthan (SC),30-44,"1,126",Untraceable,512,614,9.06
Kusheshwar Asthan (SC),45-60,717,Untraceable,346,371,3.49
Kusheshwar Asthan (SC),61-75,213,Untraceable,92,121,13.62
Kusheshwar Asthan (SC),75+,64,Untraceable,25,39,21.88
Gaura Bauram,18-29,223,Deceased,103,120,7.62
Gaura Bauram,30-44,578,Deceased,271,307,6.23
Gaura Bauram,45-60,"1,122",Deceased,531,591,5.35
Gaura Bauram,61-75,"1,832",Deceased,815,"1,017",11.03
Gaura Bauram,75+,"1,112",Deceased,460,652,17.27
Gaura Bauram,18-29,"1,027",Duplicate enrolment,462,565,10.03
Gaura Bauram,30-44,"1,105",Duplicate enrolment,527,578,4.62
Gaura Bauram,45-60,489,Duplicate enrolment,208,281,14.93
Gaura Bauram,61-75,162,Duplicate enrolment,64,98,20.99
Gaura Bauram,75+,25,Duplicate enrolment,14,11,-12
Gaura Bauram,18-29,"2,135",Permanently shifted,562,"1,573",47.35
Gaura Bauram,30-44,"3,504",Permanently shifted,"1,196","2,308",31.74
Gaura Bauram,45-60,"2,365",Permanently shifted,"1,043","1,322",11.8
Gaura Bauram,61-75,729,Permanently shifted,369,360,-1.23
Gaura Bauram,75+,153,Permanently shifted,65,88,15.03
Gaura Bauram,18-29,640,Untraceable,236,404,26.25
Gaura Bauram,30-44,939,Untraceable,393,546,16.29
Gaura Bauram,45-60,675,Untraceable,346,329,-2.52
Gaura Bauram,61-75,188,Untraceable,96,92,-2.13
Gaura Bauram,75+,43,Untraceable,13,30,39.53
Benipur,18-29,197,Deceased,81,116,17.77
Benipur,30-44,687,Deceased,331,356,3.64
Benipur,45-60,"1,336",Deceased,615,721,7.93
Benipur,61-75,"2,225",Deceased,909,"1,316",18.29
Benipur,75+,"1,605",Deceased,590,"1,015",26.48
Benipur,18-29,716,Duplicate enrolment,267,449,25.42
Benipur,30-44,796,Duplicate enrolment,392,404,1.51
Benipur,45-60,271,Duplicate enrolment,114,157,15.87
Benipur,61-75,82,Duplicate enrolment,33,49,19.51
Benipur,75+,18,Duplicate enrolment,5,13,44.44
Benipur,18-29,"1,611",Permanently shifted,381,"1,230",52.7
Benipur,30-44,"2,741",Permanently shifted,972,"1,769",29.08
Benipur,45-60,"1,804",Permanently shifted,916,888,-1.55
Benipur,61-75,491,Permanently shifted,245,246,0.2
Benipur,75+,120,Permanently shifted,51,69,15
Benipur,18-29,833,Untraceable,288,545,30.85
Benipur,30-44,"1,390",Untraceable,616,774,11.37
Benipur,45-60,927,Untraceable,452,475,2.48
Benipur,61-75,270,Untraceable,121,149,10.37
Benipur,75+,79,Untraceable,33,46,16.46
Alinagar,18-29,214,Deceased,89,125,16.82
Alinagar,30-44,654,Deceased,327,327,0
Alinagar,45-60,"1,186",Deceased,575,611,3.04
Alinagar,61-75,"1,744",Deceased,808,936,7.34
Alinagar,75+,"1,224",Deceased,542,682,11.44
Alinagar,18-29,623,Duplicate enrolment,268,355,13.96
Alinagar,30-44,706,Duplicate enrolment,347,359,1.7
Alinagar,45-60,269,Duplicate enrolment,116,153,13.75
Alinagar,61-75,85,Duplicate enrolment,40,45,5.88
Alinagar,75+,8,Duplicate enrolment,2,6,50
Alinagar,18-29,"1,478",Permanently shifted,345,"1,133",53.32
Alinagar,30-44,"2,269",Permanently shifted,763,"1,506",32.75
Alinagar,45-60,"1,544",Permanently shifted,739,805,4.27
Alinagar,61-75,476,Permanently shifted,217,259,8.82
Alinagar,75+,102,Permanently shifted,39,63,23.53
Alinagar,18-29,427,Untraceable,162,265,24.12
Alinagar,30-44,732,Untraceable,343,389,6.28
Alinagar,45-60,600,Untraceable,297,303,1
Alinagar,61-75,196,Untraceable,93,103,5.1
Alinagar,75+,42,Untraceable,24,18,-14.29
Darbhanga Rural,18-29,256,Deceased,122,134,4.69
Darbhanga Rural,30-44,"1,060",Deceased,579,481,-9.25
Darbhanga Rural,45-60,"2,194",Deceased,"1,144","1,050",-4.28
Darbhanga Rural,61-75,"3,734",Deceased,"1,786","1,948",4.34
Darbhanga Rural,75+,"2,161",Deceased,906,"1,255",16.15
Darbhanga Rural,18-29,878,Duplicate enrolment,396,482,9.79
Darbhanga Rural,30-44,"1,139",Duplicate enrolment,608,531,-6.76
Darbhanga Rural,45-60,436,Duplicate enrolment,201,235,7.8
Darbhanga Rural,61-75,137,Duplicate enrolment,51,86,25.55
Darbhanga Rural,75+,26,Duplicate enrolment,7,19,46.15
Darbhanga Rural,18-29,"2,386",Permanently shifted,689,"1,697",42.25
Darbhanga Rural,30-44,"3,819",Permanently shifted,"1,429","2,390",25.16
Darbhanga Rural,45-60,"2,730",Permanently shifted,"1,286","1,444",5.79
Darbhanga Rural,61-75,911,Permanently shifted,456,455,-0.11
Darbhanga Rural,75+,177,Permanently shifted,79,98,10.73
Darbhanga Rural,18-29,964,Untraceable,343,621,28.84
Darbhanga Rural,30-44,"1,575",Untraceable,706,869,10.35
Darbhanga Rural,45-60,"1,121",Untraceable,520,601,7.23
Darbhanga Rural,61-75,438,Untraceable,217,221,0.91
Darbhanga Rural,75+,109,Untraceable,41,68,24.77
Darbhanga,18-29,91,Deceased,49,42,-7.69
Darbhanga,30-44,544,Deceased,328,216,-20.59
Darbhanga,45-60,"1,314",Deceased,782,532,-19.03
Darbhanga,61-75,"2,410",Deceased,"1,292","1,118",-7.22
Darbhanga,75+,"1,779",Deceased,919,860,-3.32
Darbhanga,18-29,375,Duplicate enrolment,193,182,-2.93
Darbhanga,30-44,383,Duplicate enrolment,208,175,-8.62
Darbhanga,45-60,200,Duplicate enrolment,107,93,-7
Darbhanga,61-75,79,Duplicate enrolment,46,33,-16.46
Darbhanga,75+,10,Duplicate enrolment,6,4,-20
Darbhanga,18-29,782,Permanently shifted,216,566,44.76
Darbhanga,30-44,"2,060",Permanently shifted,710,"1,350",31.07
Darbhanga,45-60,"1,478",Permanently shifted,765,713,-3.52
Darbhanga,61-75,609,Permanently shifted,324,285,-6.4
Darbhanga,75+,138,Permanently shifted,77,61,-11.59
Darbhanga,18-29,25,Untraceable,11,14,12
Darbhanga,30-44,57,Untraceable,25,32,12.28
Darbhanga,45-60,62,Untraceable,29,33,6.45
Darbhanga,61-75,25,Untraceable,15,10,-20
Darbhanga,75+,7,Untraceable,4,3,-14.29
Hayaghat,18-29,111,Deceased,40,71,27.93
Hayaghat,30-44,466,Deceased,222,244,4.72
Hayaghat,45-60,884,Deceased,412,472,6.79
Hayaghat,61-75,"1,422",Deceased,674,748,5.2
Hayaghat,75+,841,Deceased,330,511,21.52
Hayaghat,18-29,581,Duplicate enrolment,214,367,26.33
Hayaghat,30-44,558,Duplicate enrolment,268,290,3.94
Hayaghat,45-60,221,Duplicate enrolment,96,125,13.12
Hayaghat,61-75,65,Duplicate enrolment,21,44,35.38
Hayaghat,75+,9,Duplicate enrolment,7,2,-55.56
Hayaghat,18-29,"1,363",Permanently shifted,296,"1,067",56.57
Hayaghat,30-44,"2,467",Permanently shifted,941,"1,526",23.71
Hayaghat,45-60,"1,843",Permanently shifted,894,949,2.98
Hayaghat,61-75,583,Permanently shifted,287,296,1.54
Hayaghat,75+,93,Permanently shifted,40,53,13.98
Hayaghat,18-29,357,Untraceable,144,213,19.33
Hayaghat,30-44,821,Untraceable,381,440,7.19
Hayaghat,45-60,572,Untraceable,288,284,-0.7
Hayaghat,61-75,233,Untraceable,111,122,4.72
Hayaghat,75+,50,Untraceable,21,29,16
Bahadurpur,18-29,251,Deceased,136,115,-8.37
Bahadurpur,30-44,881,Deceased,488,393,-10.78
Bahadurpur,45-60,"1,586",Deceased,851,735,-7.31
Bahadurpur,61-75,"2,569",Deceased,"1,244","1,325",3.15
Bahadurpur,75+,"1,711",Deceased,747,964,12.68
Bahadurpur,18-29,"1,361",Duplicate enrolment,626,735,8.01
Bahadurpur,30-44,"1,490",Duplicate enrolment,761,729,-2.15
Bahadurpur,45-60,523,Duplicate enrolment,249,274,4.78
Bahadurpur,61-75,165,Duplicate enrolment,80,85,3.03
Bahadurpur,75+,41,Duplicate enrolment,16,25,21.95
Bahadurpur,18-29,"3,546",Permanently shifted,"1,000","2,546",43.6
Bahadurpur,30-44,"5,828",Permanently shifted,"2,271","3,557",22.07
Bahadurpur,45-60,"4,151",Permanently shifted,"2,152","1,999",-3.69
Bahadurpur,61-75,"1,326",Permanently shifted,670,656,-1.06
Bahadurpur,75+,265,Permanently shifted,105,160,20.75
Bahadurpur,18-29,944,Untraceable,386,558,18.22
Bahadurpur,30-44,"1,349",Untraceable,638,711,5.41
Bahadurpur,45-60,960,Untraceable,518,442,-7.92
Bahadurpur,61-75,346,Untraceable,166,180,4.05
Bahadurpur,75+,95,Untraceable,39,56,17.89
Keoti,18-29,242,Deceased,119,123,1.65
Keoti,30-44,949,Deceased,486,463,-2.42
Keoti,45-60,"1,731",Deceased,845,886,2.37
Keoti,61-75,"2,670",Deceased,"1,209","1,461",9.44
Keoti,75+,"1,834",Deceased,635,"1,199",30.75
Keoti,18-29,981,Duplicate enrolment,421,560,14.17
Keoti,30-44,"1,204",Duplicate enrolment,613,591,-1.83
Keoti,45-60,434,Duplicate enrolment,187,247,13.82
Keoti,61-75,118,Duplicate enrolment,51,67,13.56
Keoti,75+,19,Duplicate enrolment,3,16,68.42
Keoti,18-29,"2,105",Permanently shifted,416,"1,689",60.48
Keoti,30-44,"3,687",Permanently shifted,"1,305","2,382",29.21
Keoti,45-60,"2,662",Permanently shifted,"1,235","1,427",7.21
Keoti,61-75,862,Permanently shifted,414,448,3.94
Keoti,75+,181,Permanently shifted,85,96,6.08
Keoti,18-29,681,Untraceable,233,448,31.57
Keoti,30-44,"1,355",Untraceable,599,756,11.59
Keoti,45-60,921,Untraceable,462,459,-0.33
Keoti,61-75,290,Untraceable,124,166,14.48
Keoti,75+,65,Untraceable,20,45,38.46
Jale,18-29,272,Deceased,125,147,8.09
Jale,30-44,980,Deceased,492,488,-0.41
Jale,45-60,"1,868",Deceased,991,877,-6.1
Jale,61-75,"3,214",Deceased,"1,554","1,660",3.3
Jale,75+,"1,989",Deceased,955,"1,034",3.97
Jale,18-29,"1,073",Duplicate enrolment,538,535,-0.28
Jale,30-44,"1,427",Duplicate enrolment,764,663,-7.08
Jale,45-60,574,Duplicate enrolment,288,286,-0.35
Jale,61-75,170,Duplicate enrolment,81,89,4.71
Jale,75+,44,Duplicate enrolment,15,29,31.82
Jale,18-29,"2,669",Permanently shifted,610,"2,059",54.29
Jale,30-44,"4,494",Permanently shifted,"1,651","2,843",26.52
Jale,45-60,"3,229",Permanently shifted,"1,526","1,703",5.48
Jale,61-75,"1,050",Permanently shifted,509,541,3.05
Jale,75+,231,Permanently shifted,107,124,7.36
Jale,18-29,769,Untraceable,309,460,19.64
Jale,30-44,"1,290",Untraceable,600,690,6.98
Jale,45-60,869,Untraceable,432,437,0.58
Jale,61-75,332,Untraceable,153,179,7.83
Jale,75+,95,Untraceable,42,53,11.58
Gaighat,18-29,382,Deceased,200,182,-4.71
Gaighat,30-44,"1,996",Deceased,"1,045",951,-4.71
Gaighat,45-60,"2,952",Deceased,"1,490","1,462",-0.95
Gaighat,61-75,"4,254",Deceased,"2,167","2,087",-1.88
Gaighat,75+,"3,111",Deceased,"1,545","1,566",0.68
Gaighat,18-29,"1,110",Duplicate enrolment,558,552,-0.54
Gaighat,30-44,"1,666",Duplicate enrolment,870,796,-4.44
Gaighat,45-60,421,Duplicate enrolment,204,217,3.09
Gaighat,61-75,168,Duplicate enrolment,80,88,4.76
Gaighat,75+,39,Duplicate enrolment,17,22,12.82
Gaighat,18-29,"2,265",Permanently shifted,576,"1,689",49.14
Gaighat,30-44,"4,273",Permanently shifted,"1,624","2,649",23.99
Gaighat,45-60,"1,851",Permanently shifted,957,894,-3.4
Gaighat,61-75,573,Permanently shifted,295,278,-2.97
Gaighat,75+,153,Permanently shifted,74,79,3.27
Gaighat,18-29,567,Untraceable,223,344,21.34
Gaighat,30-44,"1,434",Untraceable,729,705,-1.67
Gaighat,45-60,660,Untraceable,345,315,-4.55
Gaighat,61-75,233,Untraceable,119,114,-2.15
Gaighat,75+,46,Untraceable,21,25,8.7
Aurai,18-29,353,Deceased,174,179,1.42
Aurai,30-44,"1,815",Deceased,928,887,-2.26
Aurai,45-60,"2,961",Deceased,"1,414","1,547",4.49
Aurai,61-75,"4,196",Deceased,"2,037","2,159",2.91
Aurai,75+,"2,786",Deceased,"1,256","1,530",9.83
Aurai,18-29,"1,430",Duplicate enrolment,642,788,10.21
Aurai,30-44,"1,808",Duplicate enrolment,946,862,-4.65
Aurai,45-60,525,Duplicate enrolment,237,288,9.71
Aurai,61-75,138,Duplicate enrolment,60,78,13.04
Aurai,75+,34,Duplicate enrolment,6,28,64.71
Aurai,18-29,"2,466",Permanently shifted,751,"1,715",39.09
Aurai,30-44,"4,427",Permanently shifted,"1,865","2,562",15.74
Aurai,45-60,"1,919",Permanently shifted,935,984,2.55
Aurai,61-75,563,Permanently shifted,278,285,1.24
Aurai,75+,159,Permanently shifted,71,88,10.69
Aurai,18-29,"1,419",Untraceable,574,845,19.1
Aurai,30-44,"2,408",Untraceable,"1,161","1,247",3.57
Aurai,45-60,"1,085",Untraceable,527,558,2.86
Aurai,61-75,315,Untraceable,149,166,5.4
Aurai,75+,99,Untraceable,38,61,23.23
Minapur,18-29,268,Deceased,139,129,-3.73
Minapur,30-44,"1,113",Deceased,632,481,-13.57
Minapur,45-60,"1,737",Deceased,824,913,5.12
Minapur,61-75,"2,424",Deceased,"1,179","1,245",2.72
Minapur,75+,"1,608",Deceased,729,879,9.33
Minapur,18-29,729,Duplicate enrolment,371,358,-1.78
Minapur,30-44,"1,078",Duplicate enrolment,545,533,-1.11
Minapur,45-60,321,Duplicate enrolment,135,186,15.89
Minapur,61-75,100,Duplicate enrolment,51,49,-2
Minapur,75+,25,Duplicate enrolment,11,14,12
Minapur,18-29,"2,643",Permanently shifted,978,"1,665",25.99
Minapur,30-44,"3,102",Permanently shifted,"1,300","1,802",16.18
Minapur,45-60,"1,326",Permanently shifted,651,675,1.81
Minapur,61-75,367,Permanently shifted,180,187,1.91
Minapur,75+,83,Permanently shifted,38,45,8.43
Minapur,18-29,797,Untraceable,334,463,16.19
Minapur,30-44,"1,480",Untraceable,670,810,9.46
Minapur,45-60,609,Untraceable,286,323,6.08
Minapur,61-75,211,Untraceable,99,112,6.16
Minapur,75+,63,Untraceable,25,38,20.63
Bochaha (SC),18-29,253,Deceased,140,113,-10.67
Bochaha (SC),30-44,"1,251",Deceased,737,514,-17.83
Bochaha (SC),45-60,"2,037",Deceased,"1,005","1,032",1.33
Bochaha (SC),61-75,"3,193",Deceased,"1,617","1,576",-1.28
Bochaha (SC),75+,"1,806",Deceased,894,912,1
Bochaha (SC),18-29,546,Duplicate enrolment,273,273,0
Bochaha (SC),30-44,"1,026",Duplicate enrolment,539,487,-5.07
Bochaha (SC),45-60,285,Duplicate enrolment,134,151,5.96
Bochaha (SC),61-75,97,Duplicate enrolment,45,52,7.22
Bochaha (SC),75+,26,Duplicate enrolment,13,13,0
Bochaha (SC),18-29,"1,810",Permanently shifted,532,"1,278",41.22
Bochaha (SC),30-44,"4,029",Permanently shifted,"1,661","2,368",17.55
Bochaha (SC),45-60,"1,903",Permanently shifted,936,967,1.63
Bochaha (SC),61-75,635,Permanently shifted,329,306,-3.62
Bochaha (SC),75+,145,Permanently shifted,82,63,-13.1
Bochaha (SC),18-29,803,Untraceable,313,490,22.04
Bochaha (SC),30-44,"1,958",Untraceable,920,"1,038",6.03
Bochaha (SC),45-60,871,Untraceable,462,409,-6.08
Bochaha (SC),61-75,354,Untraceable,164,190,7.34
Bochaha (SC),75+,104,Untraceable,40,64,23.08
Sakra (SC),18-29,167,Deceased,84,83,-0.6
Sakra (SC),30-44,951,Deceased,520,431,-9.36
Sakra (SC),45-60,"1,733",Deceased,883,850,-1.9
Sakra (SC),61-75,"2,440",Deceased,"1,153","1,287",5.49
Sakra (SC),75+,"1,475",Deceased,688,787,6.71
Sakra (SC),18-29,546,Duplicate enrolment,251,295,8.06
Sakra (SC),30-44,537,Duplicate enrolment,256,281,4.66
Sakra (SC),45-60,128,Duplicate enrolment,62,66,3.13
Sakra (SC),61-75,42,Duplicate enrolment,21,21,0
Sakra (SC),75+,8,Duplicate enrolment,3,5,25
Sakra (SC),18-29,"1,645",Permanently shifted,395,"1,250",51.98
Sakra (SC),30-44,"2,617",Permanently shifted,"1,013","1,604",22.58
Sakra (SC),45-60,"1,280",Permanently shifted,643,637,-0.47
Sakra (SC),61-75,331,Permanently shifted,174,157,-5.14
Sakra (SC),75+,65,Permanently shifted,24,41,26.15
Sakra (SC),18-29,783,Untraceable,289,494,26.18
Sakra (SC),30-44,"1,611",Untraceable,764,847,5.15
Sakra (SC),45-60,820,Untraceable,435,385,-6.1
Sakra (SC),61-75,211,Untraceable,92,119,12.8
Sakra (SC),75+,57,Untraceable,22,35,22.81
Kurhani,18-29,276,Deceased,126,150,8.7
Kurhani,30-44,"1,517",Deceased,825,692,-8.77
Kurhani,45-60,"2,365",Deceased,"1,120","1,245",5.29
Kurhani,61-75,"3,639",Deceased,"1,674","1,965",8
Kurhani,75+,"2,710",Deceased,"1,199","1,511",11.51
Kurhani,18-29,760,Duplicate enrolment,347,413,8.68
Kurhani,30-44,"1,133",Duplicate enrolment,580,553,-2.38
Kurhani,45-60,307,Duplicate enrolment,138,169,10.1
Kurhani,61-75,116,Duplicate enrolment,58,58,0
Kurhani,75+,17,Duplicate enrolment,2,15,76.47
Kurhani,18-29,"1,985",Permanently shifted,437,"1,548",55.97
Kurhani,30-44,"3,875",Permanently shifted,"1,524","2,351",21.34
Kurhani,45-60,"1,485",Permanently shifted,724,761,2.49
Kurhani,61-75,422,Permanently shifted,204,218,3.32
Kurhani,75+,103,Permanently shifted,53,50,-2.91
Kurhani,18-29,855,Untraceable,323,532,24.44
Kurhani,30-44,"1,522",Untraceable,710,812,6.7
Kurhani,45-60,652,Untraceable,317,335,2.76
Kurhani,61-75,176,Untraceable,76,100,13.64
Kurhani,75+,83,Untraceable,32,51,22.89
Muzaffarpur,18-29,100,Deceased,57,43,-14
Muzaffarpur,30-44,932,Deceased,586,346,-25.75
Muzaffarpur,45-60,"1,964",Deceased,"1,111",853,-13.14
Muzaffarpur,61-75,"2,972",Deceased,"1,673","1,299",-12.58
Muzaffarpur,75+,"1,965",Deceased,"1,141",824,-16.13
Muzaffarpur,18-29,471,Duplicate enrolment,226,245,4.03
Muzaffarpur,30-44,920,Duplicate enrolment,487,433,-5.87
Muzaffarpur,45-60,474,Duplicate enrolment,241,233,-1.69
Muzaffarpur,61-75,146,Duplicate enrolment,87,59,-19.18
Muzaffarpur,75+,46,Duplicate enrolment,25,21,-8.7
Muzaffarpur,18-29,"1,572",Permanently shifted,511,"1,061",34.99
Muzaffarpur,30-44,"7,707",Permanently shifted,"3,344","4,363",13.22
Muzaffarpur,45-60,"4,353",Permanently shifted,"2,348","2,005",-7.88
Muzaffarpur,61-75,"1,669",Permanently shifted,"1,001",668,-19.95
Muzaffarpur,75+,385,Permanently shifted,217,168,-12.73
Muzaffarpur,18-29,586,Untraceable,301,285,-2.73
Muzaffarpur,30-44,"1,957",Untraceable,"1,074",883,-9.76
Muzaffarpur,45-60,"1,172",Untraceable,655,517,-11.77
Muzaffarpur,61-75,472,Untraceable,272,200,-15.25
Muzaffarpur,75+,121,Untraceable,61,60,-0.83
Kanti,18-29,270,Deceased,142,128,-5.19
Kanti,30-44,"1,898",Deceased,"1,090",808,-14.86
Kanti,45-60,"3,049",Deceased,"1,535","1,514",-0.69
Kanti,61-75,"4,701",Deceased,"2,216","2,485",5.72
Kanti,75+,"3,945",Deceased,"1,815","2,130",7.98
Kanti,18-29,801,Duplicate enrolment,380,421,5.12
Kanti,30-44,"1,160",Duplicate enrolment,653,507,-12.59
Kanti,45-60,309,Duplicate enrolment,143,166,7.44
Kanti,61-75,126,Duplicate enrolment,68,58,-7.94
Kanti,75+,21,Duplicate enrolment,7,14,33.33
Kanti,18-29,"2,581",Permanently shifted,870,"1,711",32.58
Kanti,30-44,"4,293",Permanently shifted,"1,765","2,528",17.77
Kanti,45-60,"1,771",Permanently shifted,906,865,-2.32
Kanti,61-75,637,Permanently shifted,343,294,-7.69
Kanti,75+,162,Permanently shifted,72,90,11.11
Kanti,18-29,677,Untraceable,300,377,11.37
Kanti,30-44,"1,003",Untraceable,494,509,1.5
Kanti,45-60,427,Untraceable,217,210,-1.64
Kanti,61-75,152,Untraceable,74,78,2.63
Kanti,75+,74,Untraceable,32,42,13.51
Baruraj,18-29,267,Deceased,135,132,-1.12
Baruraj,30-44,"1,239",Deceased,672,567,-8.47
Baruraj,45-60,"1,988",Deceased,953,"1,035",4.12
Baruraj,61-75,"2,962",Deceased,"1,353","1,609",8.64
Baruraj,75+,"2,030",Deceased,934,"1,096",7.98
Baruraj,18-29,800,Duplicate enrolment,328,472,18
Baruraj,30-44,"1,194",Duplicate enrolment,616,578,-3.18
Baruraj,45-60,273,Duplicate enrolment,129,144,5.49
Baruraj,61-75,92,Duplicate enrolment,48,44,-4.35
Baruraj,75+,32,Duplicate enrolment,15,17,6.25
Baruraj,18-29,"2,754",Permanently shifted,643,"2,111",53.3
Baruraj,30-44,"4,002",Permanently shifted,"1,755","2,247",12.29
Baruraj,45-60,"1,554",Permanently shifted,787,767,-1.29
Baruraj,61-75,453,Permanently shifted,216,237,4.64
Baruraj,75+,124,Permanently shifted,55,69,11.29
Baruraj,18-29,946,Untraceable,367,579,22.41
Baruraj,30-44,"1,999",Untraceable,993,"1,006",0.65
Baruraj,45-60,821,Untraceable,416,405,-1.34
Baruraj,61-75,245,Untraceable,95,150,22.45
Baruraj,75+,85,Untraceable,34,51,20
Paroo,18-29,265,Deceased,125,140,5.66
Paroo,30-44,"1,535",Deceased,847,688,-10.36
Paroo,45-60,"2,584",Deceased,"1,238","1,346",4.18
Paroo,61-75,"3,834",Deceased,"1,766","2,068",7.88
Paroo,75+,"3,244",Deceased,"1,404","1,840",13.44
Paroo,18-29,"1,077",Duplicate enrolment,447,630,16.99
Paroo,30-44,"1,634",Duplicate enrolment,809,825,0.98
Paroo,45-60,470,Duplicate enrolment,205,265,12.77
Paroo,61-75,138,Duplicate enrolment,61,77,11.59
Paroo,75+,40,Duplicate enrolment,16,24,20
Paroo,18-29,"2,856",Permanently shifted,672,"2,184",52.94
Paroo,30-44,"4,977",Permanently shifted,"2,077","2,900",16.54
Paroo,45-60,"2,374",Permanently shifted,"1,138","1,236",4.13
Paroo,61-75,712,Permanently shifted,361,351,-1.4
Paroo,75+,181,Permanently shifted,69,112,23.76
Paroo,18-29,768,Untraceable,291,477,24.22
Paroo,30-44,"1,452",Untraceable,665,787,8.4
Paroo,45-60,628,Untraceable,301,327,4.14
Paroo,61-75,211,Untraceable,89,122,15.64
Paroo,75+,75,Untraceable,24,51,36
Sahebganj,18-29,311,Deceased,136,175,12.54
Sahebganj,30-44,"1,588",Deceased,864,724,-8.82
Sahebganj,45-60,"2,744",Deceased,"1,379","1,365",-0.51
Sahebganj,61-75,"3,887",Deceased,"1,925","1,962",0.95
Sahebganj,75+,"3,158",Deceased,"1,469","1,689",6.97
Sahebganj,18-29,934,Duplicate enrolment,390,544,16.49
Sahebganj,30-44,"1,492",Duplicate enrolment,799,693,-7.1
Sahebganj,45-60,534,Duplicate enrolment,261,273,2.25
Sahebganj,61-75,162,Duplicate enrolment,78,84,3.7
Sahebganj,75+,35,Duplicate enrolment,11,24,37.14
Sahebganj,18-29,"1,989",Permanently shifted,479,"1,510",51.84
Sahebganj,30-44,"3,894",Permanently shifted,"1,692","2,202",13.1
Sahebganj,45-60,"1,958",Permanently shifted,"1,000",958,-2.15
Sahebganj,61-75,634,Permanently shifted,313,321,1.26
Sahebganj,75+,154,Permanently shifted,68,86,11.69
Sahebganj,18-29,"1,162",Untraceable,425,737,26.85
Sahebganj,30-44,"2,013",Untraceable,958,"1,055",4.82
Sahebganj,45-60,928,Untraceable,425,503,8.41
Sahebganj,61-75,344,Untraceable,154,190,10.47
Sahebganj,75+,117,Untraceable,49,68,16.24
Baikunthpur,18-29,363,Deceased,160,203,11.85
Baikunthpur,30-44,"1,191",Deceased,575,616,3.44
Baikunthpur,45-60,"2,792",Deceased,"1,273","1,519",8.81
Baikunthpur,61-75,"4,273",Deceased,"1,771","2,502",17.11
Baikunthpur,75+,"3,098",Deceased,"1,240","1,858",19.95
Baikunthpur,18-29,"1,542",Duplicate enrolment,742,800,3.76
Baikunthpur,30-44,"1,948",Duplicate enrolment,951,997,2.36
Baikunthpur,45-60,757,Duplicate enrolment,317,440,16.25
Baikunthpur,61-75,191,Duplicate enrolment,81,110,15.18
Baikunthpur,75+,44,Duplicate enrolment,18,26,18.18
Baikunthpur,18-29,"6,028",Permanently shifted,"1,094","4,934",63.7
Baikunthpur,30-44,"6,705",Permanently shifted,"2,203","4,502",34.29
Baikunthpur,45-60,"3,223",Permanently shifted,"1,570","1,653",2.58
Baikunthpur,61-75,903,Permanently shifted,424,479,6.09
Baikunthpur,75+,241,Permanently shifted,102,139,15.35
Baikunthpur,18-29,"3,074",Untraceable,"1,415","1,659",7.94
Baikunthpur,30-44,"5,384",Untraceable,"2,565","2,819",4.72
Baikunthpur,45-60,"2,759",Untraceable,"1,383","1,376",-0.25
Baikunthpur,61-75,832,Untraceable,358,474,13.94
Baikunthpur,75+,257,Untraceable,76,181,40.86
Barauli,18-29,291,Deceased,128,163,12.03
Barauli,30-44,"1,251",Deceased,626,625,-0.08
Barauli,45-60,"2,676",Deceased,"1,227","1,449",8.3
Barauli,61-75,"4,252",Deceased,"1,875","2,377",11.81
Barauli,75+,"2,588",Deceased,"1,061","1,527",18.01
Barauli,18-29,"1,497",Duplicate enrolment,698,799,6.75
Barauli,30-44,"2,459",Duplicate enrolment,"1,113","1,346",9.48
Barauli,45-60,829,Duplicate enrolment,378,451,8.81
Barauli,61-75,260,Duplicate enrolment,116,144,10.77
Barauli,75+,51,Duplicate enrolment,18,33,29.41
Barauli,18-29,"6,282",Permanently shifted,"1,261","5,021",59.85
Barauli,30-44,"8,313",Permanently shifted,"3,045","5,268",26.74
Barauli,45-60,"3,760",Permanently shifted,"1,711","2,049",8.99
Barauli,61-75,"1,169",Permanently shifted,539,630,7.78
Barauli,75+,292,Permanently shifted,109,183,25.34
Barauli,18-29,"2,933",Untraceable,"1,251","1,682",14.69
Barauli,30-44,"5,280",Untraceable,"2,359","2,921",10.64
Barauli,45-60,"2,521",Untraceable,"1,163","1,358",7.74
Barauli,61-75,764,Untraceable,326,438,14.66
Barauli,75+,244,Untraceable,66,178,45.9
Gopalganj,18-29,230,Deceased,96,134,16.52
Gopalganj,30-44,"1,242",Deceased,632,610,-1.77
Gopalganj,45-60,"2,451",Deceased,"1,178","1,273",3.88
Gopalganj,61-75,"3,787",Deceased,"1,691","2,096",10.69
Gopalganj,75+,"2,303",Deceased,975,"1,328",15.33
Gopalganj,18-29,"1,130",Duplicate enrolment,555,575,1.77
Gopalganj,30-44,"2,087",Duplicate enrolment,995,"1,092",4.65
Gopalganj,45-60,820,Duplicate enrolment,349,471,14.88
Gopalganj,61-75,251,Duplicate enrolment,116,135,7.57
Gopalganj,75+,59,Duplicate enrolment,28,31,5.08
Gopalganj,18-29,"8,046",Permanently shifted,"1,880","6,166",53.27
Gopalganj,30-44,"14,287",Permanently shifted,"4,720","9,567",33.93
Gopalganj,45-60,"6,455",Permanently shifted,"3,069","3,386",4.91
Gopalganj,61-75,"2,127",Permanently shifted,"1,032","1,095",2.96
Gopalganj,75+,498,Permanently shifted,208,290,16.47
Gopalganj,18-29,"3,985",Untraceable,"1,841","2,144",7.6
Gopalganj,30-44,"9,332",Untraceable,"4,167","5,165",10.69
Gopalganj,45-60,"4,804",Untraceable,"2,367","2,437",1.46
Gopalganj,61-75,"1,613",Untraceable,731,882,9.36
Gopalganj,75+,504,Untraceable,199,305,21.03
Kuchaikote,18-29,229,Deceased,101,128,11.79
Kuchaikote,30-44,"1,734",Deceased,840,894,3.11
Kuchaikote,45-60,"3,368",Deceased,"1,490","1,878",11.52
Kuchaikote,61-75,"5,218",Deceased,"2,153","3,065",17.48
Kuchaikote,75+,"3,552",Deceased,"1,430","2,122",19.48
Kuchaikote,18-29,"1,329",Duplicate enrolment,686,643,-3.24
Kuchaikote,30-44,"3,223",Duplicate enrolment,"1,529","1,694",5.12
Kuchaikote,45-60,"1,153",Duplicate enrolment,501,652,13.1
Kuchaikote,61-75,288,Duplicate enrolment,137,151,4.86
Kuchaikote,75+,77,Duplicate enrolment,32,45,16.88
Kuchaikote,18-29,"6,867",Permanently shifted,"1,563","5,304",54.48
Kuchaikote,30-44,"11,314",Permanently shifted,"3,823","7,491",32.42
Kuchaikote,45-60,"4,715",Permanently shifted,"2,151","2,564",8.76
Kuchaikote,61-75,"1,503",Permanently shifted,691,812,8.05
Kuchaikote,75+,352,Permanently shifted,132,220,25
Kuchaikote,18-29,"3,316",Untraceable,"1,564","1,752",5.67
Kuchaikote,30-44,"7,425",Untraceable,"3,274","4,151",11.81
Kuchaikote,45-60,"3,029",Untraceable,"1,390","1,639",8.22
Kuchaikote,61-75,914,Untraceable,385,529,15.75
Kuchaikote,75+,307,Untraceable,118,189,23.13
Bhorey (SC),18-29,242,Deceased,107,135,11.57
Bhorey (SC),30-44,"1,419",Deceased,644,775,9.23
Bhorey (SC),45-60,"3,131",Deceased,"1,383","1,748",11.66
Bhorey (SC),61-75,"4,599",Deceased,"1,946","2,653",15.37
Bhorey (SC),75+,"3,164",Deceased,"1,250","1,914",20.99
Bhorey (SC),18-29,973,Duplicate enrolment,458,515,5.86
Bhorey (SC),30-44,"2,034",Duplicate enrolment,860,"1,174",15.44
Bhorey (SC),45-60,856,Duplicate enrolment,353,503,17.52
Bhorey (SC),61-75,208,Duplicate enrolment,84,124,19.23
Bhorey (SC),75+,45,Duplicate enrolment,16,29,28.89
Bhorey (SC),18-29,"5,452",Permanently shifted,"1,200","4,252",55.98
Bhorey (SC),30-44,"6,905",Permanently shifted,"2,166","4,739",37.26
Bhorey (SC),45-60,"3,206",Permanently shifted,"1,480","1,726",7.67
Bhorey (SC),61-75,988,Permanently shifted,432,556,12.55
Bhorey (SC),75+,303,Permanently shifted,106,197,30.03
Bhorey (SC),18-29,"2,227",Untraceable,"1,008","1,219",9.47
Bhorey (SC),30-44,"4,898",Untraceable,"2,323","2,575",5.14
Bhorey (SC),45-60,"3,021",Untraceable,"1,479","1,542",2.09
Bhorey (SC),61-75,"1,042",Untraceable,449,593,13.82
Bhorey (SC),75+,352,Untraceable,135,217,23.3
Hathua,18-29,223,Deceased,92,131,17.49
Hathua,30-44,"1,204",Deceased,537,667,10.8
Hathua,45-60,"2,942",Deceased,"1,327","1,615",9.79
Hathua,61-75,"4,416",Deceased,"1,862","2,554",15.67
Hathua,75+,"2,805",Deceased,"1,151","1,654",17.93
Hathua,18-29,970,Duplicate enrolment,506,464,-4.33
Hathua,30-44,"2,200",Duplicate enrolment,939,"1,261",14.64
Hathua,45-60,989,Duplicate enrolment,388,601,21.54
Hathua,61-75,295,Duplicate enrolment,128,167,13.22
Hathua,75+,45,Duplicate enrolment,17,28,24.44
Hathua,18-29,"5,418",Permanently shifted,"1,033","4,385",61.87
Hathua,30-44,"9,113",Permanently shifted,"2,916","6,197",36
Hathua,45-60,"4,835",Permanently shifted,"2,252","2,583",6.85
Hathua,61-75,"1,372",Permanently shifted,606,766,11.66
Hathua,75+,313,Permanently shifted,135,178,13.74
Hathua,18-29,"1,973",Untraceable,935,"1,038",5.22
Hathua,30-44,"4,161",Untraceable,"1,881","2,280",9.59
Hathua,45-60,"1,939",Untraceable,936,"1,003",3.46
Hathua,61-75,562,Untraceable,230,332,18.15
Hathua,75+,150,Untraceable,51,99,32
Siwan,18-29,189,Deceased,96,93,-1.59
Siwan,30-44,"1,204",Deceased,710,494,-17.94
Siwan,45-60,"2,784",Deceased,"1,430","1,354",-2.73
Siwan,61-75,"3,777",Deceased,"1,947","1,830",-3.1
Siwan,75+,"2,076",Deceased,"1,059","1,017",-2.02
Siwan,18-29,539,Duplicate enrolment,278,261,-3.15
Siwan,30-44,"1,046",Duplicate enrolment,553,493,-5.74
Siwan,45-60,352,Duplicate enrolment,184,168,-4.55
Siwan,61-75,116,Duplicate enrolment,58,58,0
Siwan,75+,19,Duplicate enrolment,10,9,-5.26
Siwan,18-29,"2,042",Permanently shifted,408,"1,634",60.04
Siwan,30-44,"4,069",Permanently shifted,"1,386","2,683",31.88
Siwan,45-60,"1,978",Permanently shifted,975,"1,003",1.42
Siwan,61-75,590,Permanently shifted,321,269,-8.81
Siwan,75+,124,Permanently shifted,65,59,-4.84
Siwan,18-29,585,Untraceable,276,309,5.64
Siwan,30-44,"1,090",Untraceable,529,561,2.94
Siwan,45-60,501,Untraceable,271,230,-8.18
Siwan,61-75,177,Untraceable,98,79,-10.73
Siwan,75+,51,Untraceable,30,21,-17.65
Ziradei,18-29,195,Deceased,82,113,15.9
Ziradei,30-44,"1,071",Deceased,603,468,-12.61
Ziradei,45-60,"2,233",Deceased,989,"1,244",11.42
Ziradei,61-75,"3,425",Deceased,"1,519","1,906",11.3
Ziradei,75+,"2,084",Deceased,955,"1,129",8.35
Ziradei,18-29,427,Duplicate enrolment,213,214,0.23
Ziradei,30-44,"1,132",Duplicate enrolment,598,534,-5.65
Ziradei,45-60,468,Duplicate enrolment,225,243,3.85
Ziradei,61-75,137,Duplicate enrolment,72,65,-5.11
Ziradei,75+,28,Duplicate enrolment,11,17,21.43
Ziradei,18-29,"1,658",Permanently shifted,224,"1,434",72.98
Ziradei,30-44,"2,589",Permanently shifted,777,"1,812",39.98
Ziradei,45-60,947,Permanently shifted,436,511,7.92
Ziradei,61-75,271,Permanently shifted,134,137,1.11
Ziradei,75+,70,Permanently shifted,34,36,2.86
Ziradei,18-29,377,Untraceable,174,203,7.69
Ziradei,30-44,"1,123",Untraceable,559,564,0.45
Ziradei,45-60,553,Untraceable,266,287,3.8
Ziradei,61-75,203,Untraceable,89,114,12.32
Ziradei,75+,67,Untraceable,34,33,-1.49
Darauli (SC),18-29,267,Deceased,139,128,-4.12
Darauli (SC),30-44,"1,543",Deceased,816,727,-5.77
Darauli (SC),45-60,"3,610",Deceased,"1,589","2,021",11.97
Darauli (SC),61-75,"5,235",Deceased,"2,147","3,088",17.98
Darauli (SC),75+,"3,521",Deceased,"1,546","1,975",12.18
Darauli (SC),18-29,947,Duplicate enrolment,505,442,-6.65
Darauli (SC),30-44,"2,072",Duplicate enrolment,"1,047","1,025",-1.06
Darauli (SC),45-60,772,Duplicate enrolment,346,426,10.36
Darauli (SC),61-75,271,Duplicate enrolment,128,143,5.54
Darauli (SC),75+,57,Duplicate enrolment,22,35,22.81
Darauli (SC),18-29,"3,290",Permanently shifted,652,"2,638",60.36
Darauli (SC),30-44,"5,338",Permanently shifted,"1,793","3,545",32.82
Darauli (SC),45-60,"2,384",Permanently shifted,"1,068","1,316",10.4
Darauli (SC),61-75,670,Permanently shifted,296,374,11.64
Darauli (SC),75+,165,Permanently shifted,62,103,24.85
Darauli (SC),18-29,662,Untraceable,320,342,3.32
Darauli (SC),30-44,"1,426",Untraceable,732,694,-2.66
Darauli (SC),45-60,836,Untraceable,397,439,5.02
Darauli (SC),61-75,249,Untraceable,115,134,7.63
Darauli (SC),75+,67,Untraceable,26,41,22.39
Raghunathpur,18-29,262,Deceased,109,153,16.79
Raghunathpur,30-44,"1,314",Deceased,659,655,-0.3
Raghunathpur,45-60,"3,014",Deceased,"1,443","1,571",4.25
Raghunathpur,61-75,"4,386",Deceased,"1,868","2,518",14.82
Raghunathpur,75+,"2,984",Deceased,"1,301","1,683",12.8
Raghunathpur,18-29,619,Duplicate enrolment,325,294,-5.01
Raghunathpur,30-44,"1,098",Duplicate enrolment,524,574,4.55
Raghunathpur,45-60,429,Duplicate enrolment,180,249,16.08
Raghunathpur,61-75,131,Duplicate enrolment,56,75,14.5
Raghunathpur,75+,38,Duplicate enrolment,23,15,-21.05
Raghunathpur,18-29,"3,009",Permanently shifted,376,"2,633",75.01
Raghunathpur,30-44,"4,565",Permanently shifted,"1,370","3,195",39.98
Raghunathpur,45-60,"2,121",Permanently shifted,998,"1,123",5.89
Raghunathpur,61-75,583,Permanently shifted,268,315,8.06
Raghunathpur,75+,189,Permanently shifted,75,114,20.63
Raghunathpur,18-29,"1,243",Untraceable,540,703,13.11
Raghunathpur,30-44,"2,324",Untraceable,"1,068","1,256",8.09
Raghunathpur,45-60,"1,210",Untraceable,561,649,7.27
Raghunathpur,61-75,410,Untraceable,171,239,16.59
Raghunathpur,75+,112,Untraceable,44,68,21.43
Daraundha,18-29,276,Deceased,134,142,2.9
Daraundha,30-44,"1,291",Deceased,665,626,-3.02
Daraundha,45-60,"3,038",Deceased,"1,359","1,679",10.53
Daraundha,61-75,"4,412",Deceased,"1,832","2,580",16.95
Daraundha,75+,"3,044",Deceased,"1,289","1,755",15.31
Daraundha,18-29,"1,053",Duplicate enrolment,583,470,-10.73
Daraundha,30-44,"1,531",Duplicate enrolment,762,769,0.46
Daraundha,45-60,581,Duplicate enrolment,255,326,12.22
Daraundha,61-75,182,Duplicate enrolment,76,106,16.48
Daraundha,75+,34,Duplicate enrolment,17,17,0
Daraundha,18-29,"3,783",Permanently shifted,866,"2,917",54.22
Daraundha,30-44,"5,026",Permanently shifted,"1,620","3,406",35.54
Daraundha,45-60,"2,257",Permanently shifted,956,"1,301",15.29
Daraundha,61-75,689,Permanently shifted,294,395,14.66
Daraundha,75+,193,Permanently shifted,78,115,19.17
Daraundha,18-29,332,Untraceable,153,179,7.83
Daraundha,30-44,624,Untraceable,314,310,-0.64
Daraundha,45-60,374,Untraceable,190,184,-1.6
Daraundha,61-75,160,Untraceable,84,76,-5
Daraundha,75+,49,Untraceable,20,29,18.37
Barharia,18-29,198,Deceased,105,93,-6.06
Barharia,30-44,"1,280",Deceased,711,569,-11.09
Barharia,45-60,"3,063",Deceased,"1,516","1,547",1.01
Barharia,61-75,"4,868",Deceased,"2,340","2,528",3.86
Barharia,75+,"2,750",Deceased,"1,324","1,426",3.71
Barharia,18-29,723,Duplicate enrolment,379,344,-4.84
Barharia,30-44,"1,303",Duplicate enrolment,688,615,-5.6
Barharia,45-60,493,Duplicate enrolment,232,261,5.88
Barharia,61-75,114,Duplicate enrolment,59,55,-3.51
Barharia,75+,24,Duplicate enrolment,11,13,8.33
Barharia,18-29,"2,722",Permanently shifted,440,"2,282",67.67
Barharia,30-44,"4,433",Permanently shifted,"1,472","2,961",33.59
Barharia,45-60,"2,098",Permanently shifted,"1,027","1,071",2.1
Barharia,61-75,598,Permanently shifted,283,315,5.35
Barharia,75+,102,Permanently shifted,45,57,11.76
Barharia,18-29,788,Untraceable,374,414,5.08
Barharia,30-44,"1,195",Untraceable,557,638,6.78
Barharia,45-60,614,Untraceable,323,291,-5.21
Barharia,61-75,181,Untraceable,71,110,21.55
Barharia,75+,75,Untraceable,33,42,12
Goriakothi,18-29,278,Deceased,126,152,9.35
Goriakothi,30-44,"1,557",Deceased,851,706,-9.31
Goriakothi,45-60,"3,467",Deceased,"1,737","1,730",-0.2
Goriakothi,61-75,"5,352",Deceased,"2,389","2,963",10.72
Goriakothi,75+,"3,096",Deceased,"1,471","1,625",4.97
Goriakothi,18-29,796,Duplicate enrolment,420,376,-5.53
Goriakothi,30-44,"1,768",Duplicate enrolment,847,921,4.19
Goriakothi,45-60,678,Duplicate enrolment,304,374,10.32
Goriakothi,61-75,178,Duplicate enrolment,90,88,-1.12
Goriakothi,75+,32,Duplicate enrolment,16,16,0
Goriakothi,18-29,"3,254",Permanently shifted,580,"2,674",64.35
Goriakothi,30-44,"4,288",Permanently shifted,"1,393","2,895",35.03
Goriakothi,45-60,"2,183",Permanently shifted,"1,026","1,157",6
Goriakothi,61-75,542,Permanently shifted,256,286,5.54
Goriakothi,75+,106,Permanently shifted,44,62,16.98
Goriakothi,18-29,713,Untraceable,338,375,5.19
Goriakothi,30-44,"1,430",Untraceable,689,741,3.64
Goriakothi,45-60,796,Untraceable,387,409,2.76
Goriakothi,61-75,263,Untraceable,103,160,21.67
Goriakothi,75+,73,Untraceable,27,46,26.03
Maharajganj,18-29,211,Deceased,112,99,-6.16
Maharajganj,30-44,"1,286",Deceased,735,551,-14.31
Maharajganj,45-60,"3,186",Deceased,"1,471","1,715",7.66
Maharajganj,61-75,"4,639",Deceased,"2,046","2,593",11.79
Maharajganj,75+,"2,846",Deceased,"1,298","1,548",8.78
Maharajganj,18-29,694,Duplicate enrolment,374,320,-7.78
Maharajganj,30-44,"1,488",Duplicate enrolment,742,746,0.27
Maharajganj,45-60,576,Duplicate enrolment,264,312,8.33
Maharajganj,61-75,177,Duplicate enrolment,76,101,14.12
Maharajganj,75+,34,Duplicate enrolment,16,18,5.88
Maharajganj,18-29,"2,759",Permanently shifted,604,"2,155",56.22
Maharajganj,30-44,"4,398",Permanently shifted,"1,543","2,855",29.83
Maharajganj,45-60,"2,337",Permanently shifted,"1,101","1,236",5.78
Maharajganj,61-75,639,Permanently shifted,316,323,1.1
Maharajganj,75+,144,Permanently shifted,65,79,9.72
Maharajganj,18-29,580,Untraceable,281,299,3.1
Maharajganj,30-44,"1,203",Untraceable,595,608,1.08
Maharajganj,45-60,792,Untraceable,375,417,5.3
Maharajganj,61-75,256,Untraceable,105,151,17.97
Maharajganj,75+,78,Untraceable,33,45,15.38
Ekma,18-29,185,Deceased,75,110,18.92
Ekma,30-44,895,Deceased,437,458,2.35
Ekma,45-60,"1,949",Deceased,848,"1,101",12.98
Ekma,61-75,"3,020",Deceased,"1,117","1,903",26.03
Ekma,75+,"2,161",Deceased,770,"1,391",28.74
Ekma,18-29,736,Duplicate enrolment,372,364,-1.09
Ekma,30-44,"1,249",Duplicate enrolment,691,558,-10.65
Ekma,45-60,690,Duplicate enrolment,317,373,8.12
Ekma,61-75,234,Duplicate enrolment,105,129,10.26
Ekma,75+,71,Duplicate enrolment,33,38,7.04
Ekma,18-29,"3,223",Permanently shifted,544,"2,679",66.24
Ekma,30-44,"5,196",Permanently shifted,"1,940","3,256",25.33
Ekma,45-60,"3,452",Permanently shifted,"1,619","1,833",6.2
Ekma,61-75,890,Permanently shifted,383,507,13.93
Ekma,75+,243,Permanently shifted,106,137,12.76
Ekma,18-29,642,Untraceable,322,320,-0.31
Ekma,30-44,"1,764",Untraceable,918,846,-4.08
Ekma,45-60,"1,400",Untraceable,671,729,4.14
Ekma,61-75,408,Untraceable,170,238,16.67
Ekma,75+,134,Untraceable,44,90,34.33
Manjhi,18-29,176,Deceased,95,81,-7.95
Manjhi,30-44,995,Deceased,548,447,-10.15
Manjhi,45-60,"2,233",Deceased,"1,018","1,215",8.82
Manjhi,61-75,"3,484",Deceased,"1,390","2,094",20.21
Manjhi,75+,"2,316",Deceased,888,"1,428",23.32
Manjhi,18-29,823,Duplicate enrolment,424,399,-3.04
Manjhi,30-44,"1,757",Duplicate enrolment,931,826,-5.98
Manjhi,45-60,906,Duplicate enrolment,457,449,-0.88
Manjhi,61-75,292,Duplicate enrolment,128,164,12.33
Manjhi,75+,54,Duplicate enrolment,25,29,7.41
Manjhi,18-29,"3,846",Permanently shifted,622,"3,224",67.65
Manjhi,30-44,"6,037",Permanently shifted,"2,207","3,830",26.88
Manjhi,45-60,"3,696",Permanently shifted,"1,795","1,901",2.87
Manjhi,61-75,"1,014",Permanently shifted,457,557,9.86
Manjhi,75+,297,Permanently shifted,117,180,21.21
Manjhi,18-29,200,Untraceable,89,111,11
Manjhi,30-44,495,Untraceable,233,262,5.86
Manjhi,45-60,356,Untraceable,170,186,4.49
Manjhi,61-75,121,Untraceable,54,67,10.74
Manjhi,75+,31,Untraceable,12,19,22.58
Baniapur,18-29,221,Deceased,98,123,11.31
Baniapur,30-44,"1,178",Deceased,546,632,7.3
Baniapur,45-60,"2,574",Deceased,943,"1,631",26.73
Baniapur,61-75,"3,672",Deceased,"1,253","2,419",31.75
Baniapur,75+,"2,634",Deceased,777,"1,857",41
Baniapur,18-29,681,Duplicate enrolment,289,392,15.12
Baniapur,30-44,"1,582",Duplicate enrolment,838,744,-5.94
Baniapur,45-60,868,Duplicate enrolment,364,504,16.13
Baniapur,61-75,240,Duplicate enrolment,103,137,14.17
Baniapur,75+,53,Duplicate enrolment,20,33,24.53
Baniapur,18-29,"2,564",Permanently shifted,561,"2,003",56.24
Baniapur,30-44,"4,599",Permanently shifted,"1,595","3,004",30.64
Baniapur,45-60,"2,625",Permanently shifted,"1,162","1,463",11.47
Baniapur,61-75,744,Permanently shifted,326,418,12.37
Baniapur,75+,219,Permanently shifted,86,133,21.46
Baniapur,18-29,578,Untraceable,225,353,22.15
Baniapur,30-44,"1,557",Untraceable,698,859,10.34
Baniapur,45-60,"1,038",Untraceable,482,556,7.13
Baniapur,61-75,329,Untraceable,131,198,20.36
Baniapur,75+,137,Untraceable,44,93,35.77
Taraiya,18-29,222,Deceased,94,128,15.32
Taraiya,30-44,"1,164",Deceased,639,525,-9.79
Taraiya,45-60,"2,691",Deceased,"1,283","1,408",4.65
Taraiya,61-75,"3,998",Deceased,"1,808","2,190",9.55
Taraiya,75+,"2,875",Deceased,"1,196","1,679",16.8
Taraiya,18-29,690,Duplicate enrolment,330,360,4.35
Taraiya,30-44,"1,280",Duplicate enrolment,655,625,-2.34
Taraiya,45-60,763,Duplicate enrolment,349,414,8.52
Taraiya,61-75,241,Duplicate enrolment,118,123,2.07
Taraiya,75+,43,Duplicate enrolment,13,30,39.53
Taraiya,18-29,"3,483",Permanently shifted,585,"2,898",66.41
Taraiya,30-44,"4,914",Permanently shifted,"1,781","3,133",27.51
Taraiya,45-60,"3,240",Permanently shifted,"1,581","1,659",2.41
Taraiya,61-75,896,Permanently shifted,418,478,6.7
Taraiya,75+,218,Permanently shifted,111,107,-1.83
Taraiya,18-29,948,Untraceable,369,579,22.15
Taraiya,30-44,"2,229",Untraceable,"1,110","1,119",0.4
Taraiya,45-60,"1,651",Untraceable,810,841,1.88
Taraiya,61-75,475,Untraceable,223,252,6.11
Taraiya,75+,135,Untraceable,60,75,11.11
Marhaura,18-29,201,Deceased,92,109,8.46
Marhaura,30-44,"1,046",Deceased,559,487,-6.88
Marhaura,45-60,"2,673",Deceased,"1,223","1,450",8.49
Marhaura,61-75,"3,651",Deceased,"1,434","2,217",21.45
Marhaura,75+,"2,188",Deceased,761,"1,427",30.44
Marhaura,18-29,694,Duplicate enrolment,311,383,10.37
Marhaura,30-44,"1,029",Duplicate enrolment,496,533,3.6
Marhaura,45-60,527,Duplicate enrolment,239,288,9.3
Marhaura,61-75,165,Duplicate enrolment,72,93,12.73
Marhaura,75+,32,Duplicate enrolment,14,18,12.5
Marhaura,18-29,"2,837",Permanently shifted,645,"2,192",54.53
Marhaura,30-44,"4,663",Permanently shifted,"1,773","2,890",23.95
Marhaura,45-60,"2,969",Permanently shifted,"1,530","1,439",-3.07
Marhaura,61-75,861,Permanently shifted,415,446,3.6
Marhaura,75+,205,Permanently shifted,81,124,20.98
Marhaura,18-29,834,Untraceable,338,496,18.94
Marhaura,30-44,"1,998",Untraceable,937,"1,061",6.21
Marhaura,45-60,"1,415",Untraceable,690,725,2.47
Marhaura,61-75,347,Untraceable,137,210,21.04
Marhaura,75+,115,Untraceable,43,72,25.22
Chapra,18-29,195,Deceased,101,94,-3.59
Chapra,30-44,"1,174",Deceased,667,507,-13.63
Chapra,45-60,"2,525",Deceased,"1,359","1,166",-7.64
Chapra,61-75,"3,830",Deceased,"1,847","1,983",3.55
Chapra,75+,"3,146",Deceased,"1,368","1,778",13.03
Chapra,18-29,453,Duplicate enrolment,217,236,4.19
Chapra,30-44,898,Duplicate enrolment,500,398,-11.36
Chapra,45-60,436,Duplicate enrolment,223,213,-2.29
Chapra,61-75,121,Duplicate enrolment,57,64,5.79
Chapra,75+,23,Duplicate enrolment,13,10,-13.04
Chapra,18-29,"1,874",Permanently shifted,373,"1,501",60.19
Chapra,30-44,"5,334",Permanently shifted,"1,912","3,422",28.31
Chapra,45-60,"3,304",Permanently shifted,"1,680","1,624",-1.69
Chapra,61-75,"1,137",Permanently shifted,616,521,-8.36
Chapra,75+,244,Permanently shifted,132,112,-8.2
Chapra,18-29,223,Untraceable,110,113,1.35
Chapra,30-44,511,Untraceable,244,267,4.5
Chapra,45-60,318,Untraceable,166,152,-4.4
Chapra,61-75,91,Untraceable,53,38,-16.48
Chapra,75+,29,Untraceable,11,18,24.14
Garkha (SC),18-29,179,Deceased,86,93,3.91
Garkha (SC),30-44,879,Deceased,466,413,-6.03
Garkha (SC),45-60,"2,013",Deceased,900,"1,113",10.58
Garkha (SC),61-75,"2,993",Deceased,"1,204","1,789",19.55
Garkha (SC),75+,"2,328",Deceased,839,"1,489",27.92
Garkha (SC),18-29,670,Duplicate enrolment,298,372,11.04
Garkha (SC),30-44,"1,101",Duplicate enrolment,609,492,-10.63
Garkha (SC),45-60,545,Duplicate enrolment,275,270,-0.92
Garkha (SC),61-75,152,Duplicate enrolment,72,80,5.26
Garkha (SC),75+,23,Duplicate enrolment,6,17,47.83
Garkha (SC),18-29,"2,429",Permanently shifted,444,"1,985",63.44
Garkha (SC),30-44,"3,136",Permanently shifted,"1,139","1,997",27.36
Garkha (SC),45-60,"1,821",Permanently shifted,871,950,4.34
Garkha (SC),61-75,562,Permanently shifted,259,303,7.83
Garkha (SC),75+,133,Permanently shifted,54,79,18.8
Garkha (SC),18-29,616,Untraceable,282,334,8.44
Garkha (SC),30-44,"1,020",Untraceable,504,516,1.18
Garkha (SC),45-60,629,Untraceable,303,326,3.66
Garkha (SC),61-75,178,Untraceable,85,93,4.49
Garkha (SC),75+,47,Untraceable,14,33,40.43
Amnour,18-29,248,Deceased,123,125,0.81
Amnour,30-44,"1,103",Deceased,594,509,-7.71
Amnour,45-60,"2,391",Deceased,"1,147","1,244",4.06
Amnour,61-75,"3,300",Deceased,"1,390","1,910",15.76
Amnour,75+,"2,209",Deceased,875,"1,334",20.78
Amnour,18-29,797,Duplicate enrolment,350,447,12.17
Amnour,30-44,"1,546",Duplicate enrolment,785,761,-1.55
Amnour,45-60,829,Duplicate enrolment,386,443,6.88
Amnour,61-75,228,Duplicate enrolment,108,120,5.26
Amnour,75+,62,Duplicate enrolment,17,45,45.16
Amnour,18-29,"2,885",Permanently shifted,512,"2,373",64.51
Amnour,30-44,"4,288",Permanently shifted,"1,631","2,657",23.93
Amnour,45-60,"2,726",Permanently shifted,"1,365","1,361",-0.15
Amnour,61-75,807,Permanently shifted,363,444,10.04
Amnour,75+,192,Permanently shifted,73,119,23.96
Amnour,18-29,"2,521",Untraceable,"1,077","1,444",14.56
Amnour,30-44,"5,599",Untraceable,"2,697","2,902",3.66
Amnour,45-60,"4,002",Untraceable,"1,924","2,078",3.85
Amnour,61-75,"1,206",Untraceable,507,699,15.92
Amnour,75+,345,Untraceable,137,208,20.58
Parsa,18-29,201,Deceased,86,115,14.43
Parsa,30-44,998,Deceased,545,453,-9.22
Parsa,45-60,"2,300",Deceased,"1,133","1,167",1.48
Parsa,61-75,"3,067",Deceased,"1,361","1,706",11.25
Parsa,75+,"2,032",Deceased,845,"1,187",16.83
Parsa,18-29,470,Duplicate enrolment,229,241,2.55
Parsa,30-44,956,Duplicate enrolment,526,430,-10.04
Parsa,45-60,475,Duplicate enrolment,218,257,8.21
Parsa,61-75,119,Duplicate enrolment,54,65,9.24
Parsa,75+,26,Duplicate enrolment,10,16,23.08
Parsa,18-29,"2,389",Permanently shifted,423,"1,966",64.59
Parsa,30-44,"3,775",Permanently shifted,"1,431","2,344",24.19
Parsa,45-60,"2,559",Permanently shifted,"1,316","1,243",-2.85
Parsa,61-75,714,Permanently shifted,348,366,2.52
Parsa,75+,158,Permanently shifted,75,83,5.06
Parsa,18-29,676,Untraceable,257,419,23.96
Parsa,30-44,"1,588",Untraceable,691,897,12.97
Parsa,45-60,"1,250",Untraceable,646,604,-3.36
Parsa,61-75,344,Untraceable,174,170,-1.16
Parsa,75+,110,Untraceable,50,60,9.09
Sonepur,18-29,152,Deceased,73,79,3.95
Sonepur,30-44,721,Deceased,401,320,-11.23
Sonepur,45-60,"1,696",Deceased,909,787,-7.19
Sonepur,61-75,"2,293",Deceased,"1,054","1,239",8.07
Sonepur,75+,"1,796",Deceased,775,"1,021",13.7
Sonepur,18-29,348,Duplicate enrolment,159,189,8.62
Sonepur,30-44,582,Duplicate enrolment,343,239,-17.87
Sonepur,45-60,317,Duplicate enrolment,160,157,-0.95
Sonepur,61-75,82,Duplicate enrolment,32,50,21.95
Sonepur,75+,25,Duplicate enrolment,11,14,12
Sonepur,18-29,"1,614",Permanently shifted,335,"1,279",58.49
Sonepur,30-44,"3,628",Permanently shifted,"1,369","2,259",24.53
Sonepur,45-60,"2,431",Permanently shifted,"1,232","1,199",-1.36
Sonepur,61-75,871,Permanently shifted,457,414,-4.94
Sonepur,75+,230,Permanently shifted,107,123,6.96
Sonepur,18-29,200,Untraceable,89,111,11
Sonepur,30-44,352,Untraceable,187,165,-6.25
Sonepur,45-60,318,Untraceable,160,158,-0.63
Sonepur,61-75,126,Untraceable,74,52,-17.46
Sonepur,75+,29,Untraceable,13,16,10.34
Hajipur,18-29,220,Deceased,123,97,-11.82
Hajipur,30-44,"1,297",Deceased,833,464,-28.45
Hajipur,45-60,"2,929",Deceased,"1,752","1,177",-19.63
Hajipur,61-75,"4,621",Deceased,"2,460","2,161",-6.47
Hajipur,75+,"4,887",Deceased,"2,509","2,378",-2.68
Hajipur,18-29,498,Duplicate enrolment,229,269,8.03
Hajipur,30-44,722,Duplicate enrolment,424,298,-17.45
Hajipur,45-60,336,Duplicate enrolment,179,157,-6.55
Hajipur,61-75,107,Duplicate enrolment,64,43,-19.63
Hajipur,75+,26,Duplicate enrolment,17,9,-30.77
Hajipur,18-29,"1,779",Permanently shifted,655,"1,124",26.36
Hajipur,30-44,"4,545",Permanently shifted,"1,847","2,698",18.72
Hajipur,45-60,"3,098",Permanently shifted,"1,621","1,477",-4.65
Hajipur,61-75,"1,142",Permanently shifted,650,492,-13.84
Hajipur,75+,317,Permanently shifted,180,137,-13.56
Hajipur,18-29,"2,062",Untraceable,979,"1,083",5.04
Hajipur,30-44,"4,958",Untraceable,"2,405","2,553",2.99
Hajipur,45-60,"2,911",Untraceable,"1,487","1,424",-2.16
Hajipur,61-75,"1,217",Untraceable,645,572,-6
Hajipur,75+,516,Untraceable,263,253,-1.94
Lalganj,18-29,270,Deceased,139,131,-2.96
Lalganj,30-44,"1,494",Deceased,896,598,-19.95
Lalganj,45-60,"3,342",Deceased,"1,822","1,520",-9.04
Lalganj,61-75,"5,453",Deceased,"2,792","2,661",-2.4
Lalganj,75+,"5,337",Deceased,"2,573","2,764",3.58
Lalganj,18-29,"1,146",Duplicate enrolment,561,585,2.09
Lalganj,30-44,"1,554",Duplicate enrolment,841,713,-8.24
Lalganj,45-60,471,Duplicate enrolment,241,230,-2.34
Lalganj,61-75,122,Duplicate enrolment,59,63,3.28
Lalganj,75+,26,Duplicate enrolment,12,14,7.69
Lalganj,18-29,"2,261",Permanently shifted,644,"1,617",43.03
Lalganj,30-44,"4,237",Permanently shifted,"1,528","2,709",27.87
Lalganj,45-60,"2,616",Permanently shifted,"1,311","1,305",-0.23
Lalganj,61-75,875,Permanently shifted,450,425,-2.86
Lalganj,75+,230,Permanently shifted,116,114,-0.87
Lalganj,18-29,"1,222",Untraceable,545,677,10.8
Lalganj,30-44,"1,456",Untraceable,663,793,8.93
Lalganj,45-60,704,Untraceable,355,349,-0.85
Lalganj,61-75,229,Untraceable,111,118,3.06
Lalganj,75+,87,Untraceable,34,53,21.84
Vaishali,18-29,235,Deceased,122,113,-3.83
Vaishali,30-44,"1,044",Deceased,641,403,-22.8
Vaishali,45-60,"2,257",Deceased,"1,243","1,014",-10.15
Vaishali,61-75,"3,884",Deceased,"1,960","1,924",-0.93
Vaishali,75+,"3,702",Deceased,"1,733","1,969",6.37
Vaishali,18-29,799,Duplicate enrolment,384,415,3.88
Vaishali,30-44,894,Duplicate enrolment,489,405,-9.4
Vaishali,45-60,290,Duplicate enrolment,149,141,-2.76
Vaishali,61-75,82,Duplicate enrolment,50,32,-21.95
Vaishali,75+,30,Duplicate enrolment,18,12,-20
Vaishali,18-29,"2,446",Permanently shifted,572,"1,874",53.23
Vaishali,30-44,"3,064",Permanently shifted,"1,161","1,903",24.22
Vaishali,45-60,"1,943",Permanently shifted,"1,017",926,-4.68
Vaishali,61-75,637,Permanently shifted,360,277,-13.03
Vaishali,75+,161,Permanently shifted,78,83,3.11
Vaishali,18-29,"1,818",Untraceable,601,"1,217",33.88
Vaishali,30-44,"1,587",Untraceable,732,855,7.75
Vaishali,45-60,813,Untraceable,417,396,-2.58
Vaishali,61-75,257,Untraceable,123,134,4.28
Vaishali,75+,100,Untraceable,48,52,4
Mahua,18-29,173,Deceased,87,86,-0.58
Mahua,30-44,797,Deceased,481,316,-20.7
Mahua,45-60,"1,544",Deceased,845,699,-9.46
Mahua,61-75,"2,501",Deceased,"1,258","1,243",-0.6
Mahua,75+,"2,442",Deceased,"1,203","1,239",1.47
Mahua,18-29,521,Duplicate enrolment,255,266,2.11
Mahua,30-44,598,Duplicate enrolment,355,243,-18.73
Mahua,45-60,270,Duplicate enrolment,144,126,-6.67
Mahua,61-75,84,Duplicate enrolment,37,47,11.9
Mahua,75+,24,Duplicate enrolment,14,10,-16.67
Mahua,18-29,"1,775",Permanently shifted,432,"1,343",51.32
Mahua,30-44,"3,498",Permanently shifted,"1,466","2,032",16.18
Mahua,45-60,"2,320",Permanently shifted,"1,234","1,086",-6.38
Mahua,61-75,783,Permanently shifted,402,381,-2.68
Mahua,75+,189,Permanently shifted,91,98,3.7
Mahua,18-29,322,Untraceable,116,206,27.95
Mahua,30-44,707,Untraceable,340,367,3.82
Mahua,45-60,493,Untraceable,266,227,-7.91
Mahua,61-75,186,Untraceable,102,84,-9.68
Mahua,75+,52,Untraceable,22,30,15.38
Raja Pakar (SC),18-29,186,Deceased,93,93,0
Raja Pakar (SC),30-44,917,Deceased,552,365,-20.39
Raja Pakar (SC),45-60,"2,174",Deceased,"1,253",921,-15.27
Raja Pakar (SC),61-75,"3,787",Deceased,"1,968","1,819",-3.93
Raja Pakar (SC),75+,"4,047",Deceased,"2,071","1,976",-2.35
Raja Pakar (SC),18-29,495,Duplicate enrolment,221,274,10.71
Raja Pakar (SC),30-44,741,Duplicate enrolment,421,320,-13.63
Raja Pakar (SC),45-60,285,Duplicate enrolment,163,122,-14.39
Raja Pakar (SC),61-75,70,Duplicate enrolment,41,29,-17.14
Raja Pakar (SC),75+,23,Duplicate enrolment,8,15,30.43
Raja Pakar (SC),18-29,"1,368",Permanently shifted,382,986,44.15
Raja Pakar (SC),30-44,"2,009",Permanently shifted,807,"1,202",19.66
Raja Pakar (SC),45-60,"1,610",Permanently shifted,828,782,-2.86
Raja Pakar (SC),61-75,529,Permanently shifted,262,267,0.95
Raja Pakar (SC),75+,153,Permanently shifted,84,69,-9.8
Raja Pakar (SC),18-29,272,Untraceable,114,158,16.18
Raja Pakar (SC),30-44,483,Untraceable,242,241,-0.21
Raja Pakar (SC),45-60,295,Untraceable,148,147,-0.34
Raja Pakar (SC),61-75,98,Untraceable,45,53,8.16
Raja Pakar (SC),75+,37,Untraceable,17,20,8.11
Raghopur,18-29,241,Deceased,141,100,-17.01
Raghopur,30-44,"1,837",Deceased,"1,062",775,-15.62
Raghopur,45-60,"3,185",Deceased,"1,680","1,505",-5.49
Raghopur,61-75,"4,755",Deceased,"2,375","2,380",0.11
Raghopur,75+,"4,210",Deceased,"2,066","2,144",1.85
Raghopur,18-29,786,Duplicate enrolment,362,424,7.89
Raghopur,30-44,"1,526",Duplicate enrolment,878,648,-15.07
Raghopur,45-60,504,Duplicate enrolment,265,239,-5.16
Raghopur,61-75,188,Duplicate enrolment,89,99,5.32
Raghopur,75+,62,Duplicate enrolment,31,31,0
Raghopur,18-29,"2,642",Permanently shifted,957,"1,685",27.55
Raghopur,30-44,"5,845",Permanently shifted,"2,552","3,293",12.68
Raghopur,45-60,"3,670",Permanently shifted,"1,894","1,776",-3.22
Raghopur,61-75,"1,373",Permanently shifted,688,685,-0.22
Raghopur,75+,402,Permanently shifted,191,211,4.98
Raghopur,18-29,838,Untraceable,365,473,12.89
Raghopur,30-44,"1,493",Untraceable,709,784,5.02
Raghopur,45-60,939,Untraceable,473,466,-0.75
Raghopur,61-75,358,Untraceable,184,174,-2.79
Raghopur,75+,135,Untraceable,69,66,-2.22
Mahnar,18-29,278,Deceased,118,160,15.11
Mahnar,30-44,"1,242",Deceased,683,559,-9.98
Mahnar,45-60,"2,453",Deceased,"1,345","1,108",-9.66
Mahnar,61-75,"4,185",Deceased,"2,088","2,097",0.22
Mahnar,75+,"4,301",Deceased,"2,138","2,163",0.58
Mahnar,18-29,806,Duplicate enrolment,377,429,6.45
Mahnar,30-44,"1,261",Duplicate enrolment,671,590,-6.42
Mahnar,45-60,558,Duplicate enrolment,293,265,-5.02
Mahnar,61-75,161,Duplicate enrolment,72,89,10.56
Mahnar,75+,39,Duplicate enrolment,21,18,-7.69
Mahnar,18-29,"2,022",Permanently shifted,568,"1,454",43.82
Mahnar,30-44,"3,792",Permanently shifted,"1,507","2,285",20.52
Mahnar,45-60,"2,584",Permanently shifted,"1,231","1,353",4.72
Mahnar,61-75,909,Permanently shifted,494,415,-8.69
Mahnar,75+,232,Permanently shifted,123,109,-6.03
Mahnar,18-29,767,Untraceable,322,445,16.04
Mahnar,30-44,"1,318",Untraceable,605,713,8.19
Mahnar,45-60,791,Untraceable,376,415,4.93
Mahnar,61-75,328,Untraceable,141,187,14.02
Mahnar,75+,106,Untraceable,50,56,5.66
Patepur (SC),18-29,320,Deceased,156,164,2.5
Patepur (SC),30-44,"1,616",Deceased,876,740,-8.42
Patepur (SC),45-60,"3,164",Deceased,"1,707","1,457",-7.9
Patepur (SC),61-75,"5,651",Deceased,"2,826","2,825",-0.02
Patepur (SC),75+,"4,998",Deceased,"2,476","2,522",0.92
Patepur (SC),18-29,919,Duplicate enrolment,412,507,10.34
Patepur (SC),30-44,"1,235",Duplicate enrolment,676,559,-9.47
Patepur (SC),45-60,460,Duplicate enrolment,229,231,0.43
Patepur (SC),61-75,131,Duplicate enrolment,65,66,0.76
Patepur (SC),75+,33,Duplicate enrolment,13,20,21.21
Patepur (SC),18-29,"1,638",Permanently shifted,494,"1,144",39.68
Patepur (SC),30-44,"2,676",Permanently shifted,"1,039","1,637",22.35
Patepur (SC),45-60,"1,507",Permanently shifted,734,773,2.59
Patepur (SC),61-75,469,Permanently shifted,225,244,4.05
Patepur (SC),75+,122,Permanently shifted,67,55,-9.84
Patepur (SC),18-29,515,Untraceable,242,273,6.02
Patepur (SC),30-44,604,Untraceable,246,358,18.54
Patepur (SC),45-60,213,Untraceable,107,106,-0.47
Patepur (SC),61-75,87,Untraceable,32,55,26.44
Patepur (SC),75+,19,Untraceable,9,10,5.26
Kalyanpur (SC),18-29,283,Deceased,140,143,1.06
Kalyanpur (SC),30-44,"1,042",Deceased,529,513,-1.54
Kalyanpur (SC),45-60,"1,518",Deceased,753,765,0.79
Kalyanpur (SC),61-75,"2,526",Deceased,"1,218","1,308",3.56
Kalyanpur (SC),75+,"1,497",Deceased,651,846,13.03
Kalyanpur (SC),18-29,"2,135",Duplicate enrolment,949,"1,186",11.1
Kalyanpur (SC),30-44,"1,458",Duplicate enrolment,720,738,1.23
Kalyanpur (SC),45-60,510,Duplicate enrolment,229,281,10.2
Kalyanpur (SC),61-75,150,Duplicate enrolment,74,76,1.33
Kalyanpur (SC),75+,23,Duplicate enrolment,13,10,-13.04
Kalyanpur (SC),18-29,"3,559",Permanently shifted,901,"2,658",49.37
Kalyanpur (SC),30-44,"5,281",Permanently shifted,"2,084","3,197",21.08
Kalyanpur (SC),45-60,"2,795",Permanently shifted,"1,393","1,402",0.32
Kalyanpur (SC),61-75,820,Permanently shifted,411,409,-0.24
Kalyanpur (SC),75+,127,Permanently shifted,52,75,18.11
Kalyanpur (SC),18-29,"2,638",Untraceable,"1,052","1,586",20.24
Kalyanpur (SC),30-44,"3,533",Untraceable,"1,616","1,917",8.52
Kalyanpur (SC),45-60,"1,718",Untraceable,830,888,3.38
Kalyanpur (SC),61-75,513,Untraceable,233,280,9.16
Kalyanpur (SC),75+,131,Untraceable,47,84,28.24
Warisnagar,18-29,358,Deceased,175,183,2.23
Warisnagar,30-44,"1,356",Deceased,741,615,-9.29
Warisnagar,45-60,"2,262",Deceased,"1,123","1,139",0.71
Warisnagar,61-75,"3,728",Deceased,"1,718","2,010",7.83
Warisnagar,75+,"2,481",Deceased,"1,052","1,429",15.2
Warisnagar,18-29,"1,674",Duplicate enrolment,745,929,10.99
Warisnagar,30-44,"1,505",Duplicate enrolment,703,802,6.58
Warisnagar,45-60,500,Duplicate enrolment,206,294,17.6
Warisnagar,61-75,155,Duplicate enrolment,62,93,20
Warisnagar,75+,33,Duplicate enrolment,12,21,27.27
Warisnagar,18-29,"3,175",Permanently shifted,906,"2,269",42.93
Warisnagar,30-44,"4,982",Permanently shifted,"1,936","3,046",22.28
Warisnagar,45-60,"2,558",Permanently shifted,"1,258","1,300",1.64
Warisnagar,61-75,738,Permanently shifted,376,362,-1.9
Warisnagar,75+,144,Permanently shifted,56,88,22.22
Warisnagar,18-29,"2,405",Untraceable,881,"1,524",26.74
Warisnagar,30-44,"3,575",Untraceable,"1,571","2,004",12.11
Warisnagar,45-60,"1,763",Untraceable,843,920,4.37
Warisnagar,61-75,625,Untraceable,293,332,6.24
Warisnagar,75+,151,Untraceable,62,89,17.88
Samastipur,18-29,230,Deceased,130,100,-13.04
Samastipur,30-44,"1,018",Deceased,586,432,-15.13
Samastipur,45-60,"1,989",Deceased,"1,064",925,-6.99
Samastipur,61-75,"3,001",Deceased,"1,497","1,504",0.23
Samastipur,75+,"1,907",Deceased,916,991,3.93
Samastipur,18-29,969,Duplicate enrolment,504,465,-4.02
Samastipur,30-44,"1,026",Duplicate enrolment,546,480,-6.43
Samastipur,45-60,381,Duplicate enrolment,202,179,-6.04
Samastipur,61-75,149,Duplicate enrolment,75,74,-0.67
Samastipur,75+,39,Duplicate enrolment,17,22,12.82
Samastipur,18-29,"2,503",Permanently shifted,834,"1,669",33.36
Samastipur,30-44,"4,938",Permanently shifted,"1,994","2,944",19.24
Samastipur,45-60,"2,851",Permanently shifted,"1,461","1,390",-2.49
Samastipur,61-75,878,Permanently shifted,482,396,-9.79
Samastipur,75+,161,Permanently shifted,79,82,1.86
Samastipur,18-29,"1,551",Untraceable,641,910,17.34
Samastipur,30-44,"2,486",Untraceable,"1,132","1,354",8.93
Samastipur,45-60,"1,185",Untraceable,620,565,-4.64
Samastipur,61-75,426,Untraceable,196,230,7.98
Samastipur,75+,91,Untraceable,34,57,25.27
Ujiarpur,18-29,234,Deceased,117,117,0
Ujiarpur,30-44,865,Deceased,420,445,2.89
Ujiarpur,45-60,"1,316",Deceased,650,666,1.22
Ujiarpur,61-75,"1,937",Deceased,912,"1,025",5.83
Ujiarpur,75+,"1,024",Deceased,473,551,7.62
Ujiarpur,18-29,"1,366",Duplicate enrolment,710,656,-3.95
Ujiarpur,30-44,"1,140",Duplicate enrolment,564,576,1.05
Ujiarpur,45-60,333,Duplicate enrolment,138,195,17.12
Ujiarpur,61-75,115,Duplicate enrolment,54,61,6.09
Ujiarpur,75+,21,Duplicate enrolment,9,12,14.29
Ujiarpur,18-29,"4,214",Permanently shifted,"1,531","2,683",27.34
Ujiarpur,30-44,"5,165",Permanently shifted,"2,012","3,153",22.09
Ujiarpur,45-60,"2,792",Permanently shifted,"1,406","1,386",-0.72
Ujiarpur,61-75,758,Permanently shifted,397,361,-4.75
Ujiarpur,75+,137,Permanently shifted,61,76,10.95
Ujiarpur,18-29,"1,040",Untraceable,480,560,7.69
Ujiarpur,30-44,"1,179",Untraceable,505,674,14.33
Ujiarpur,45-60,486,Untraceable,246,240,-1.23
Ujiarpur,61-75,163,Untraceable,77,86,5.52
Ujiarpur,75+,36,Untraceable,18,18,0
Morwa,18-29,366,Deceased,194,172,-6.01
Morwa,30-44,"1,385",Deceased,723,662,-4.4
Morwa,45-60,"2,488",Deceased,"1,233","1,255",0.88
Morwa,61-75,"3,767",Deceased,"1,792","1,975",4.86
Morwa,75+,"2,524",Deceased,"1,111","1,413",11.97
Morwa,18-29,"1,838",Duplicate enrolment,951,887,-3.48
Morwa,30-44,"1,930",Duplicate enrolment,973,957,-0.83
Morwa,45-60,727,Duplicate enrolment,309,418,14.99
Morwa,61-75,236,Duplicate enrolment,101,135,14.41
Morwa,75+,39,Duplicate enrolment,14,25,28.21
Morwa,18-29,"5,801",Permanently shifted,"2,227","3,574",23.22
Morwa,30-44,"7,223",Permanently shifted,"2,949","4,274",18.34
Morwa,45-60,"3,605",Permanently shifted,"1,834","1,771",-1.75
Morwa,61-75,"1,108",Permanently shifted,539,569,2.71
Morwa,75+,220,Permanently shifted,88,132,20
Morwa,18-29,654,Untraceable,292,362,10.7
Morwa,30-44,846,Untraceable,368,478,13
Morwa,45-60,451,Untraceable,220,231,2.44
Morwa,61-75,135,Untraceable,60,75,11.11
Morwa,75+,47,Untraceable,22,25,6.38
Sarairanjan,18-29,249,Deceased,134,115,-7.63
Sarairanjan,30-44,"1,160",Deceased,590,570,-1.72
Sarairanjan,45-60,"1,830",Deceased,885,945,3.28
Sarairanjan,61-75,"2,669",Deceased,"1,243","1,426",6.86
Sarairanjan,75+,"1,748",Deceased,765,983,12.47
Sarairanjan,18-29,975,Duplicate enrolment,443,532,9.13
Sarairanjan,30-44,"1,024",Duplicate enrolment,536,488,-4.69
Sarairanjan,45-60,284,Duplicate enrolment,131,153,7.75
Sarairanjan,61-75,105,Duplicate enrolment,49,56,6.67
Sarairanjan,75+,11,Duplicate enrolment,6,5,-9.09
Sarairanjan,18-29,"1,870",Permanently shifted,467,"1,403",50.05
Sarairanjan,30-44,"3,847",Permanently shifted,"1,463","2,384",23.94
Sarairanjan,45-60,"2,298",Permanently shifted,"1,140","1,158",0.78
Sarairanjan,61-75,656,Permanently shifted,332,324,-1.22
Sarairanjan,75+,132,Permanently shifted,51,81,22.73
Sarairanjan,18-29,726,Untraceable,284,442,21.76
Sarairanjan,30-44,915,Untraceable,393,522,14.1
Sarairanjan,45-60,404,Untraceable,195,209,3.47
Sarairanjan,61-75,132,Untraceable,64,68,3.03
Sarairanjan,75+,32,Untraceable,11,21,31.25
Mohiuddinnagar,18-29,217,Deceased,110,107,-1.38
Mohiuddinnagar,30-44,892,Deceased,435,457,2.47
Mohiuddinnagar,45-60,"1,338",Deceased,634,704,5.23
Mohiuddinnagar,61-75,"1,899",Deceased,875,"1,024",7.85
Mohiuddinnagar,75+,"1,343",Deceased,505,838,24.8
Mohiuddinnagar,18-29,"1,405",Duplicate enrolment,650,755,7.47
Mohiuddinnagar,30-44,"1,429",Duplicate enrolment,699,730,2.17
Mohiuddinnagar,45-60,445,Duplicate enrolment,192,253,13.71
Mohiuddinnagar,61-75,132,Duplicate enrolment,56,76,15.15
Mohiuddinnagar,75+,23,Duplicate enrolment,11,12,4.35
Mohiuddinnagar,18-29,"4,528",Permanently shifted,"1,601","2,927",29.28
Mohiuddinnagar,30-44,"6,080",Permanently shifted,"2,417","3,663",20.49
Mohiuddinnagar,45-60,"3,377",Permanently shifted,"1,583","1,794",6.25
Mohiuddinnagar,61-75,"1,034",Permanently shifted,512,522,0.97
Mohiuddinnagar,75+,244,Permanently shifted,99,145,18.85
Mohiuddinnagar,18-29,522,Untraceable,193,329,26.05
Mohiuddinnagar,30-44,648,Untraceable,310,338,4.32
Mohiuddinnagar,45-60,334,Untraceable,164,170,1.8
Mohiuddinnagar,61-75,102,Untraceable,49,53,3.92
Mohiuddinnagar,75+,35,Untraceable,18,17,-2.86
Bibhutipur,18-29,240,Deceased,136,104,-13.33
Bibhutipur,30-44,"1,004",Deceased,513,491,-2.19
Bibhutipur,45-60,"1,761",Deceased,893,868,-1.42
Bibhutipur,61-75,"2,693",Deceased,"1,327","1,366",1.45
Bibhutipur,75+,"1,755",Deceased,790,965,9.97
Bibhutipur,18-29,"1,044",Duplicate enrolment,595,449,-13.98
Bibhutipur,30-44,"1,025",Duplicate enrolment,505,520,1.46
Bibhutipur,45-60,293,Duplicate enrolment,143,150,2.39
Bibhutipur,61-75,72,Duplicate enrolment,37,35,-2.78
Bibhutipur,75+,13,Duplicate enrolment,7,6,-7.69
Bibhutipur,18-29,"2,329",Permanently shifted,842,"1,487",27.69
Bibhutipur,30-44,"3,487",Permanently shifted,"1,391","2,096",20.22
Bibhutipur,45-60,"1,690",Permanently shifted,838,852,0.83
Bibhutipur,61-75,440,Permanently shifted,226,214,-2.73
Bibhutipur,75+,84,Permanently shifted,42,42,0
Bibhutipur,18-29,"1,399",Untraceable,590,809,15.65
Bibhutipur,30-44,"1,687",Untraceable,740,947,12.27
Bibhutipur,45-60,645,Untraceable,289,356,10.39
Bibhutipur,61-75,183,Untraceable,83,100,9.29
Bibhutipur,75+,50,Untraceable,14,36,44
Rosera (SC),18-29,304,Deceased,167,137,-9.87
Rosera (SC),30-44,"1,046",Deceased,527,519,-0.76
Rosera (SC),45-60,"2,066",Deceased,"1,065","1,001",-3.1
Rosera (SC),61-75,"3,482",Deceased,"1,694","1,788",2.7
Rosera (SC),75+,"2,472",Deceased,"1,097","1,375",11.25
Rosera (SC),18-29,"1,450",Duplicate enrolment,758,692,-4.55
Rosera (SC),30-44,"1,418",Duplicate enrolment,776,642,-9.45
Rosera (SC),45-60,562,Duplicate enrolment,268,294,4.63
Rosera (SC),61-75,147,Duplicate enrolment,68,79,7.48
Rosera (SC),75+,29,Duplicate enrolment,7,22,51.72
Rosera (SC),18-29,"3,878",Permanently shifted,"1,383","2,495",28.67
Rosera (SC),30-44,"5,405",Permanently shifted,"2,111","3,294",21.89
Rosera (SC),45-60,"3,255",Permanently shifted,"1,632","1,623",-0.28
Rosera (SC),61-75,929,Permanently shifted,467,462,-0.54
Rosera (SC),75+,213,Permanently shifted,99,114,7.04
Rosera (SC),18-29,"1,267",Untraceable,564,703,10.97
Rosera (SC),30-44,"1,513",Untraceable,702,811,7.2
Rosera (SC),45-60,809,Untraceable,394,415,2.6
Rosera (SC),61-75,233,Untraceable,106,127,9.01
Rosera (SC),75+,77,Untraceable,29,48,24.68
Hasanpur,18-29,259,Deceased,124,135,4.25
Hasanpur,30-44,"1,102",Deceased,572,530,-3.81
Hasanpur,45-60,"1,899",Deceased,910,989,4.16
Hasanpur,61-75,"2,473",Deceased,"1,183","1,290",4.33
Hasanpur,75+,"1,387",Deceased,571,816,17.66
Hasanpur,18-29,"1,501",Duplicate enrolment,737,764,1.8
Hasanpur,30-44,"1,891",Duplicate enrolment,925,966,2.17
Hasanpur,45-60,652,Duplicate enrolment,311,341,4.6
Hasanpur,61-75,187,Duplicate enrolment,84,103,10.16
Hasanpur,75+,28,Duplicate enrolment,12,16,14.29
Hasanpur,18-29,"4,036",Permanently shifted,"1,317","2,719",34.74
Hasanpur,30-44,"6,196",Permanently shifted,"2,416","3,780",22.01
Hasanpur,45-60,"3,348",Permanently shifted,"1,663","1,685",0.66
Hasanpur,61-75,854,Permanently shifted,406,448,4.92
Hasanpur,75+,182,Permanently shifted,50,132,45.05
Hasanpur,18-29,"1,303",Untraceable,481,822,26.17
Hasanpur,30-44,"1,880",Untraceable,827,"1,053",12.02
Hasanpur,45-60,894,Untraceable,421,473,5.82
Hasanpur,61-75,237,Untraceable,103,134,13.08
Hasanpur,75+,72,Untraceable,34,38,5.56
Cheria Bariarpur,18-29,162,Deceased,84,78,-3.7
Cheria Bariarpur,30-44,632,Deceased,336,296,-6.33
Cheria Bariarpur,45-60,"1,058",Deceased,509,549,3.78
Cheria Bariarpur,61-75,"1,647",Deceased,773,874,6.13
Cheria Bariarpur,75+,"1,004",Deceased,464,540,7.57
Cheria Bariarpur,18-29,722,Duplicate enrolment,363,359,-0.55
Cheria Bariarpur,30-44,720,Duplicate enrolment,374,346,-3.89
Cheria Bariarpur,45-60,249,Duplicate enrolment,127,122,-2.01
Cheria Bariarpur,61-75,86,Duplicate enrolment,46,40,-6.98
Cheria Bariarpur,75+,25,Duplicate enrolment,11,14,12
Cheria Bariarpur,18-29,"2,212",Permanently shifted,609,"1,603",44.94
Cheria Bariarpur,30-44,"3,030",Permanently shifted,"1,129","1,901",25.48
Cheria Bariarpur,45-60,"1,325",Permanently shifted,660,665,0.38
Cheria Bariarpur,61-75,371,Permanently shifted,182,189,1.89
Cheria Bariarpur,75+,78,Permanently shifted,36,42,7.69
Cheria Bariarpur,18-29,897,Untraceable,362,535,19.29
Cheria Bariarpur,30-44,"1,180",Untraceable,540,640,8.47
Cheria Bariarpur,45-60,497,Untraceable,233,264,6.24
Cheria Bariarpur,61-75,156,Untraceable,72,84,7.69
Cheria Bariarpur,75+,41,Untraceable,15,26,26.83
Bachhwara,18-29,282,Deceased,134,148,4.96
Bachhwara,30-44,"1,326",Deceased,656,670,1.06
Bachhwara,45-60,"1,880",Deceased,970,910,-3.19
Bachhwara,61-75,"3,054",Deceased,"1,451","1,603",4.98
Bachhwara,75+,"1,908",Deceased,874,"1,034",8.39
Bachhwara,18-29,914,Duplicate enrolment,429,485,6.13
Bachhwara,30-44,"1,391",Duplicate enrolment,732,659,-5.25
Bachhwara,45-60,458,Duplicate enrolment,199,259,13.1
Bachhwara,61-75,159,Duplicate enrolment,67,92,15.72
Bachhwara,75+,29,Duplicate enrolment,18,11,-24.14
Bachhwara,18-29,"1,732",Permanently shifted,411,"1,321",52.54
Bachhwara,30-44,"3,286",Permanently shifted,"1,236","2,050",24.77
Bachhwara,45-60,"1,691",Permanently shifted,842,849,0.41
Bachhwara,61-75,414,Permanently shifted,207,207,0
Bachhwara,75+,119,Permanently shifted,50,69,15.97
Bachhwara,18-29,684,Untraceable,293,391,14.33
Bachhwara,30-44,907,Untraceable,413,494,8.93
Bachhwara,45-60,376,Untraceable,189,187,-0.53
Bachhwara,61-75,128,Untraceable,67,61,-4.69
Bachhwara,75+,36,Untraceable,16,20,11.11
Teghra,18-29,221,Deceased,123,98,-11.31
Teghra,30-44,886,Deceased,501,385,-13.09
Teghra,45-60,"1,724",Deceased,873,851,-1.28
Teghra,61-75,"2,757",Deceased,"1,275","1,482",7.51
Teghra,75+,"1,667",Deceased,771,896,7.5
Teghra,18-29,592,Duplicate enrolment,282,310,4.73
Teghra,30-44,864,Duplicate enrolment,451,413,-4.4
Teghra,45-60,499,Duplicate enrolment,260,239,-4.21
Teghra,61-75,142,Duplicate enrolment,62,80,12.68
Teghra,75+,28,Duplicate enrolment,11,17,21.43
Teghra,18-29,"2,256",Permanently shifted,768,"1,488",31.91
Teghra,30-44,"4,455",Permanently shifted,"1,862","2,593",16.41
Teghra,45-60,"2,943",Permanently shifted,"1,491","1,452",-1.33
Teghra,61-75,889,Permanently shifted,479,410,-7.76
Teghra,75+,183,Permanently shifted,78,105,14.75
Teghra,18-29,682,Untraceable,320,362,6.16
Teghra,30-44,"1,254",Untraceable,593,661,5.42
Teghra,45-60,793,Untraceable,414,379,-4.41
Teghra,61-75,314,Untraceable,145,169,7.64
Teghra,75+,64,Untraceable,22,42,31.25
Matihani,18-29,310,Deceased,176,134,-13.55
Matihani,30-44,"1,088",Deceased,624,464,-14.71
Matihani,45-60,"2,220",Deceased,"1,153","1,067",-3.87
Matihani,61-75,"3,489",Deceased,"1,687","1,802",3.3
Matihani,75+,"2,605",Deceased,"1,233","1,372",5.34
Matihani,18-29,856,Duplicate enrolment,432,424,-0.93
Matihani,30-44,"1,324",Duplicate enrolment,688,636,-3.93
Matihani,45-60,579,Duplicate enrolment,275,304,5.01
Matihani,61-75,167,Duplicate enrolment,72,95,13.77
Matihani,75+,34,Duplicate enrolment,12,22,29.41
Matihani,18-29,"2,987",Permanently shifted,981,"2,006",34.32
Matihani,30-44,"5,626",Permanently shifted,"2,292","3,334",18.52
Matihani,45-60,"3,958",Permanently shifted,"1,968","1,990",0.56
Matihani,61-75,"1,442",Permanently shifted,773,669,-7.21
Matihani,75+,376,Permanently shifted,186,190,1.06
Matihani,18-29,711,Untraceable,359,352,-0.98
Matihani,30-44,849,Untraceable,370,479,12.84
Matihani,45-60,474,Untraceable,237,237,0
Matihani,61-75,132,Untraceable,63,69,4.55
Matihani,75+,40,Untraceable,17,23,15
Sahebpur Kamal,18-29,212,Deceased,114,98,-7.55
Sahebpur Kamal,30-44,815,Deceased,437,378,-7.24
Sahebpur Kamal,45-60,"1,597",Deceased,789,808,1.19
Sahebpur Kamal,61-75,"2,529",Deceased,"1,222","1,307",3.36
Sahebpur Kamal,75+,"1,697",Deceased,732,965,13.73
Sahebpur Kamal,18-29,746,Duplicate enrolment,370,376,0.8
Sahebpur Kamal,30-44,903,Duplicate enrolment,467,436,-3.43
Sahebpur Kamal,45-60,346,Duplicate enrolment,150,196,13.29
Sahebpur Kamal,61-75,116,Duplicate enrolment,56,60,3.45
Sahebpur Kamal,75+,10,Duplicate enrolment,4,6,20
Sahebpur Kamal,18-29,"2,350",Permanently shifted,704,"1,646",40.09
Sahebpur Kamal,30-44,"3,874",Permanently shifted,"1,383","2,491",28.6
Sahebpur Kamal,45-60,"2,468",Permanently shifted,"1,216","1,252",1.46
Sahebpur Kamal,61-75,714,Permanently shifted,340,374,4.76
Sahebpur Kamal,75+,166,Permanently shifted,77,89,7.23
Sahebpur Kamal,18-29,690,Untraceable,294,396,14.78
Sahebpur Kamal,30-44,"1,102",Untraceable,503,599,8.71
Sahebpur Kamal,45-60,754,Untraceable,399,355,-5.84
Sahebpur Kamal,61-75,219,Untraceable,94,125,14.16
Sahebpur Kamal,75+,44,Untraceable,16,28,27.27
Begusarai,18-29,271,Deceased,134,137,1.11
Begusarai,30-44,"1,126",Deceased,694,432,-23.27
Begusarai,45-60,"2,216",Deceased,"1,249",967,-12.73
Begusarai,61-75,"3,626",Deceased,"1,852","1,774",-2.15
Begusarai,75+,"3,196",Deceased,"1,585","1,611",0.81
Begusarai,18-29,"1,031",Duplicate enrolment,533,498,-3.39
Begusarai,30-44,"1,859",Duplicate enrolment,"1,008",851,-8.45
Begusarai,45-60,919,Duplicate enrolment,457,462,0.54
Begusarai,61-75,328,Duplicate enrolment,159,169,3.05
Begusarai,75+,61,Duplicate enrolment,32,29,-4.92
Begusarai,18-29,"3,899",Permanently shifted,"1,477","2,422",24.24
Begusarai,30-44,"8,591",Permanently shifted,"3,753","4,838",12.63
Begusarai,45-60,"6,091",Permanently shifted,"3,113","2,978",-2.22
Begusarai,61-75,"2,329",Permanently shifted,"1,261","1,068",-8.29
Begusarai,75+,681,Permanently shifted,352,329,-3.38
Begusarai,18-29,647,Untraceable,259,388,19.94
Begusarai,30-44,"1,063",Untraceable,523,540,1.6
Begusarai,45-60,679,Untraceable,373,306,-9.87
Begusarai,61-75,235,Untraceable,120,115,-2.13
Begusarai,75+,74,Untraceable,38,36,-2.7
Bakhri (SC),18-29,182,Deceased,91,91,0
Bakhri (SC),30-44,773,Deceased,399,374,-3.23
Bakhri (SC),45-60,"1,213",Deceased,609,604,-0.41
Bakhri (SC),61-75,"1,830",Deceased,885,945,3.28
Bakhri (SC),75+,"1,112",Deceased,501,611,9.89
Bakhri (SC),18-29,840,Duplicate enrolment,419,421,0.24
Bakhri (SC),30-44,876,Duplicate enrolment,451,425,-2.97
Bakhri (SC),45-60,312,Duplicate enrolment,154,158,1.28
Bakhri (SC),61-75,104,Duplicate enrolment,54,50,-3.85
Bakhri (SC),75+,17,Duplicate enrolment,7,10,17.65
Bakhri (SC),18-29,"2,691",Permanently shifted,"1,071","1,620",20.4
Bakhri (SC),30-44,"3,121",Permanently shifted,"1,254","1,867",19.64
Bakhri (SC),45-60,"1,268",Permanently shifted,632,636,0.32
Bakhri (SC),61-75,365,Permanently shifted,185,180,-1.37
Bakhri (SC),75+,88,Permanently shifted,42,46,4.55
Bakhri (SC),18-29,"1,114",Untraceable,451,663,19.03
Bakhri (SC),30-44,"1,328",Untraceable,633,695,4.67
Bakhri (SC),45-60,579,Untraceable,287,292,0.86
Bakhri (SC),61-75,194,Untraceable,85,109,12.37
Bakhri (SC),75+,39,Untraceable,15,24,23.08
Alauli (SC),18-29,204,Deceased,102,102,0
Alauli (SC),30-44,725,Deceased,359,366,0.97
Alauli (SC),45-60,"1,386",Deceased,722,664,-4.18
Alauli (SC),61-75,"2,296",Deceased,"1,153","1,143",-0.44
Alauli (SC),75+,"1,349",Deceased,621,728,7.93
Alauli (SC),18-29,858,Duplicate enrolment,442,416,-3.03
Alauli (SC),30-44,725,Duplicate enrolment,373,352,-2.9
Alauli (SC),45-60,232,Duplicate enrolment,118,114,-1.72
Alauli (SC),61-75,65,Duplicate enrolment,24,41,26.15
Alauli (SC),75+,9,Duplicate enrolment,2,7,55.56
Alauli (SC),18-29,"1,966",Permanently shifted,721,"1,245",26.65
Alauli (SC),30-44,"2,940",Permanently shifted,"1,191","1,749",18.98
Alauli (SC),45-60,"1,608",Permanently shifted,763,845,5.1
Alauli (SC),61-75,523,Permanently shifted,281,242,-7.46
Alauli (SC),75+,85,Permanently shifted,37,48,12.94
Alauli (SC),18-29,282,Untraceable,122,160,13.48
Alauli (SC),30-44,369,Untraceable,171,198,7.32
Alauli (SC),45-60,191,Untraceable,90,101,5.76
Alauli (SC),61-75,60,Untraceable,27,33,10
Alauli (SC),75+,19,Untraceable,7,12,26.32
Khagaria,18-29,237,Deceased,119,118,-0.42
Khagaria,30-44,990,Deceased,536,454,-8.28
Khagaria,45-60,"1,580",Deceased,812,768,-2.78
Khagaria,61-75,"2,369",Deceased,"1,150","1,219",2.91
Khagaria,75+,"1,653",Deceased,805,848,2.6
Khagaria,18-29,569,Duplicate enrolment,291,278,-2.28
Khagaria,30-44,967,Duplicate enrolment,491,476,-1.55
Khagaria,45-60,244,Duplicate enrolment,108,136,11.48
Khagaria,61-75,73,Duplicate enrolment,33,40,9.59
Khagaria,75+,21,Duplicate enrolment,8,13,23.81
Khagaria,18-29,"2,259",Permanently shifted,623,"1,636",44.84
Khagaria,30-44,"5,129",Permanently shifted,"2,022","3,107",21.15
Khagaria,45-60,"2,645",Permanently shifted,"1,423","1,222",-7.6
Khagaria,61-75,812,Permanently shifted,452,360,-11.33
Khagaria,75+,170,Permanently shifted,86,84,-1.18
Khagaria,18-29,632,Untraceable,272,360,13.92
Khagaria,30-44,"1,153",Untraceable,503,650,12.75
Khagaria,45-60,477,Untraceable,245,232,-2.73
Khagaria,61-75,176,Untraceable,81,95,7.95
Khagaria,75+,59,Untraceable,25,34,15.25
Beldaur,18-29,203,Deceased,109,94,-7.39
Beldaur,30-44,883,Deceased,493,390,-11.66
Beldaur,45-60,"1,532",Deceased,769,763,-0.39
Beldaur,61-75,"2,234",Deceased,"1,116","1,118",0.09
Beldaur,75+,"1,579",Deceased,737,842,6.65
Beldaur,18-29,779,Duplicate enrolment,432,347,-10.91
Beldaur,30-44,"1,187",Duplicate enrolment,647,540,-9.01
Beldaur,45-60,366,Duplicate enrolment,185,181,-1.09
Beldaur,61-75,109,Duplicate enrolment,59,50,-8.26
Beldaur,75+,16,Duplicate enrolment,6,10,25
Beldaur,18-29,"1,929",Permanently shifted,679,"1,250",29.6
Beldaur,30-44,"3,519",Permanently shifted,"1,343","2,176",23.67
Beldaur,45-60,"1,700",Permanently shifted,849,851,0.12
Beldaur,61-75,460,Permanently shifted,228,232,0.87
Beldaur,75+,106,Permanently shifted,50,56,5.66
Beldaur,18-29,366,Untraceable,184,182,-0.55
Beldaur,30-44,371,Untraceable,176,195,5.12
Beldaur,45-60,141,Untraceable,64,77,9.22
Beldaur,61-75,55,Untraceable,36,19,-30.91
Beldaur,75+,11,Untraceable,6,5,-9.09
Parbatta,18-29,295,Deceased,148,147,-0.34
Parbatta,30-44,"1,127",Deceased,592,535,-5.06
Parbatta,45-60,"1,755",Deceased,901,854,-2.68
Parbatta,61-75,"2,532",Deceased,"1,307","1,225",-3.24
Parbatta,75+,"2,092",Deceased,962,"1,130",8.03
Parbatta,18-29,879,Duplicate enrolment,456,423,-3.75
Parbatta,30-44,"1,422",Duplicate enrolment,812,610,-14.21
Parbatta,45-60,382,Duplicate enrolment,209,173,-9.42
Parbatta,61-75,123,Duplicate enrolment,60,63,2.44
Parbatta,75+,28,Duplicate enrolment,15,13,-7.14
Parbatta,18-29,"2,654",Permanently shifted,720,"1,934",45.74
Parbatta,30-44,"5,424",Permanently shifted,"1,927","3,497",28.95
Parbatta,45-60,"3,051",Permanently shifted,"1,551","1,500",-1.67
Parbatta,61-75,883,Permanently shifted,488,395,-10.53
Parbatta,75+,245,Permanently shifted,124,121,-1.22
Parbatta,18-29,319,Untraceable,150,169,5.96
Parbatta,30-44,411,Untraceable,192,219,6.57
Parbatta,45-60,167,Untraceable,80,87,4.19
Parbatta,61-75,52,Untraceable,20,32,23.08
Parbatta,75+,17,Untraceable,6,11,29.41
Bihpur,18-29,185,Deceased,84,101,9.19
Bihpur,30-44,"1,192",Deceased,542,650,9.06
Bihpur,45-60,"2,016",Deceased,901,"1,115",10.62
Bihpur,61-75,"2,862",Deceased,"1,293","1,569",9.64
Bihpur,75+,"1,975",Deceased,760,"1,215",23.04
Bihpur,18-29,"1,120",Duplicate enrolment,406,714,27.5
Bihpur,30-44,"1,986",Duplicate enrolment,"1,006",980,-1.31
Bihpur,45-60,625,Duplicate enrolment,318,307,-1.76
Bihpur,61-75,198,Duplicate enrolment,90,108,9.09
Bihpur,75+,40,Duplicate enrolment,12,28,40
Bihpur,18-29,"3,215",Permanently shifted,866,"2,349",46.13
Bihpur,30-44,"5,689",Permanently shifted,"1,978","3,711",30.46
Bihpur,45-60,"2,706",Permanently shifted,"1,237","1,469",8.57
Bihpur,61-75,878,Permanently shifted,399,479,9.11
Bihpur,75+,245,Permanently shifted,104,141,15.1
Bihpur,18-29,96,Untraceable,48,48,0
Bihpur,30-44,160,Untraceable,71,89,11.25
Bihpur,45-60,61,Untraceable,35,26,-14.75
Bihpur,61-75,18,Untraceable,8,10,11.11
Bihpur,75+,3,Untraceable,1,2,33.33
Gopalpur,18-29,174,Deceased,70,104,19.54
Gopalpur,30-44,700,Deceased,359,341,-2.57
Gopalpur,45-60,"1,389",Deceased,627,762,9.72
Gopalpur,61-75,"2,038",Deceased,927,"1,111",9.03
Gopalpur,75+,"1,480",Deceased,651,829,12.03
Gopalpur,18-29,865,Duplicate enrolment,254,611,41.27
Gopalpur,30-44,"1,256",Duplicate enrolment,641,615,-2.07
Gopalpur,45-60,389,Duplicate enrolment,143,246,26.48
Gopalpur,61-75,112,Duplicate enrolment,42,70,25
Gopalpur,75+,25,Duplicate enrolment,14,11,-12
Gopalpur,18-29,"2,811",Permanently shifted,578,"2,233",58.88
Gopalpur,30-44,"4,873",Permanently shifted,"1,793","3,080",26.41
Gopalpur,45-60,"2,531",Permanently shifted,"1,185","1,346",6.36
Gopalpur,61-75,799,Permanently shifted,380,419,4.88
Gopalpur,75+,209,Permanently shifted,90,119,13.88
Gopalpur,18-29,474,Untraceable,155,319,34.6
Gopalpur,30-44,691,Untraceable,301,390,12.88
Gopalpur,45-60,370,Untraceable,189,181,-2.16
Gopalpur,61-75,117,Untraceable,55,62,5.98
Gopalpur,75+,39,Untraceable,13,26,33.33
Pirpainti (SC),18-29,273,Deceased,109,164,20.15
Pirpainti (SC),30-44,"1,888",Deceased,960,928,-1.69
Pirpainti (SC),45-60,"2,766",Deceased,"1,341","1,425",3.04
Pirpainti (SC),61-75,"3,428",Deceased,"1,592","1,836",7.12
Pirpainti (SC),75+,"2,111",Deceased,936,"1,175",11.32
Pirpainti (SC),18-29,"1,568",Duplicate enrolment,474,"1,094",39.54
Pirpainti (SC),30-44,"2,000",Duplicate enrolment,874,"1,126",12.6
Pirpainti (SC),45-60,514,Duplicate enrolment,209,305,18.68
Pirpainti (SC),61-75,154,Duplicate enrolment,67,87,12.99
Pirpainti (SC),75+,40,Duplicate enrolment,11,29,45
Pirpainti (SC),18-29,"4,296",Permanently shifted,"1,436","2,860",33.15
Pirpainti (SC),30-44,"9,120",Permanently shifted,"3,588","5,532",21.32
Pirpainti (SC),45-60,"3,752",Permanently shifted,"1,823","1,929",2.83
Pirpainti (SC),61-75,"1,247",Permanently shifted,573,674,8.1
Pirpainti (SC),75+,302,Permanently shifted,132,170,12.58
Pirpainti (SC),18-29,"1,004",Untraceable,377,627,24.9
Pirpainti (SC),30-44,"1,295",Untraceable,593,702,8.42
Pirpainti (SC),45-60,482,Untraceable,242,240,-0.41
Pirpainti (SC),61-75,171,Untraceable,72,99,15.79
Pirpainti (SC),75+,46,Untraceable,14,32,39.13
Kahalgaon,18-29,295,Deceased,126,169,14.58
Kahalgaon,30-44,"1,369",Deceased,689,680,-0.66
Kahalgaon,45-60,"2,577",Deceased,"1,188","1,389",7.8
Kahalgaon,61-75,"3,269",Deceased,"1,479","1,790",9.51
Kahalgaon,75+,"2,216",Deceased,911,"1,305",17.78
Kahalgaon,18-29,"2,065",Duplicate enrolment,625,"1,440",39.47
Kahalgaon,30-44,"1,957",Duplicate enrolment,896,"1,061",8.43
Kahalgaon,45-60,688,Duplicate enrolment,285,403,17.15
Kahalgaon,61-75,179,Duplicate enrolment,74,105,17.32
Kahalgaon,75+,44,Duplicate enrolment,12,32,45.45
Kahalgaon,18-29,"4,703",Permanently shifted,"1,372","3,331",41.65
Kahalgaon,30-44,"9,059",Permanently shifted,"3,332","5,727",26.44
Kahalgaon,45-60,"5,171",Permanently shifted,"2,508","2,663",3
Kahalgaon,61-75,"1,365",Permanently shifted,666,699,2.42
Kahalgaon,75+,326,Permanently shifted,132,194,19.02
Kahalgaon,18-29,"1,088",Untraceable,413,675,24.08
Kahalgaon,30-44,"2,009",Untraceable,956,"1,053",4.83
Kahalgaon,45-60,"1,068",Untraceable,525,543,1.69
Kahalgaon,61-75,323,Untraceable,138,185,14.55
Kahalgaon,75+,92,Untraceable,38,54,17.39
Bhagalpur,18-29,78,Deceased,33,45,15.38
Bhagalpur,30-44,569,Deceased,328,241,-15.29
Bhagalpur,45-60,"1,436",Deceased,735,701,-2.37
Bhagalpur,61-75,"1,839",Deceased,940,899,-2.23
Bhagalpur,75+,"1,151",Deceased,550,601,4.43
Bhagalpur,18-29,337,Duplicate enrolment,142,195,15.73
Bhagalpur,30-44,679,Duplicate enrolment,320,359,5.74
Bhagalpur,45-60,472,Duplicate enrolment,236,236,0
Bhagalpur,61-75,153,Duplicate enrolment,75,78,1.96
Bhagalpur,75+,41,Duplicate enrolment,18,23,12.2
Bhagalpur,18-29,"1,929",Permanently shifted,664,"1,265",31.16
Bhagalpur,30-44,"5,338",Permanently shifted,"2,060","3,278",22.82
Bhagalpur,45-60,"3,905",Permanently shifted,"1,932","1,973",1.05
Bhagalpur,61-75,"1,298",Permanently shifted,675,623,-4.01
Bhagalpur,75+,323,Permanently shifted,162,161,-0.31
Bhagalpur,18-29,"1,913",Untraceable,837,"1,076",12.49
Bhagalpur,30-44,"4,197",Untraceable,"2,018","2,179",3.84
Bhagalpur,45-60,"2,921",Untraceable,"1,541","1,380",-5.51
Bhagalpur,61-75,"1,126",Untraceable,541,585,3.91
Bhagalpur,75+,410,Untraceable,214,196,-4.39
Sultanganj,18-29,251,Deceased,117,134,6.77
Sultanganj,30-44,"1,267",Deceased,626,641,1.18
Sultanganj,45-60,"2,622",Deceased,"1,176","1,446",10.3
Sultanganj,61-75,"3,445",Deceased,"1,471","1,974",14.6
Sultanganj,75+,"2,957",Deceased,"1,108","1,849",25.06
Sultanganj,18-29,"1,438",Duplicate enrolment,502,936,30.18
Sultanganj,30-44,"2,346",Duplicate enrolment,"1,146","1,200",2.3
Sultanganj,45-60,868,Duplicate enrolment,387,481,10.83
Sultanganj,61-75,270,Duplicate enrolment,120,150,11.11
Sultanganj,75+,70,Duplicate enrolment,36,34,-2.86
Sultanganj,18-29,"5,524",Permanently shifted,"1,672","3,852",39.46
Sultanganj,30-44,"10,608",Permanently shifted,"4,030","6,578",24.02
Sultanganj,45-60,"6,355",Permanently shifted,"2,993","3,362",5.81
Sultanganj,61-75,"1,786",Permanently shifted,782,"1,004",12.43
Sultanganj,75+,521,Permanently shifted,212,309,18.62
Sultanganj,18-29,991,Untraceable,345,646,30.37
Sultanganj,30-44,"1,651",Untraceable,736,915,10.84
Sultanganj,45-60,"1,050",Untraceable,515,535,1.9
Sultanganj,61-75,295,Untraceable,120,175,18.64
Sultanganj,75+,82,Untraceable,26,56,36.59
Nathnagar,18-29,275,Deceased,130,145,5.45
Nathnagar,30-44,"1,329",Deceased,649,680,2.33
Nathnagar,45-60,"2,647",Deceased,"1,255","1,392",5.18
Nathnagar,61-75,"3,704",Deceased,"1,656","2,048",10.58
Nathnagar,75+,"2,819",Deceased,"1,145","1,674",18.77
Nathnagar,18-29,"1,055",Duplicate enrolment,310,745,41.23
Nathnagar,30-44,"1,257",Duplicate enrolment,619,638,1.51
Nathnagar,45-60,475,Duplicate enrolment,227,248,4.42
Nathnagar,61-75,141,Duplicate enrolment,62,79,12.06
Nathnagar,75+,26,Duplicate enrolment,10,16,23.08
Nathnagar,18-29,"3,861",Permanently shifted,"1,078","2,783",44.16
Nathnagar,30-44,"8,155",Permanently shifted,"3,057","5,098",25.03
Nathnagar,45-60,"4,776",Permanently shifted,"2,369","2,407",0.8
Nathnagar,61-75,"1,533",Permanently shifted,727,806,5.15
Nathnagar,75+,438,Permanently shifted,190,248,13.24
Nathnagar,18-29,"1,077",Untraceable,389,688,27.76
Nathnagar,30-44,"1,979",Untraceable,900,"1,079",9.04
Nathnagar,45-60,"1,229",Untraceable,637,592,-3.66
Nathnagar,61-75,394,Untraceable,192,202,2.54
Nathnagar,75+,138,Untraceable,47,91,31.88
Amarpur,18-29,181,Deceased,85,96,6.08
Amarpur,30-44,444,Deceased,234,210,-5.41
Amarpur,45-60,"1,084",Deceased,574,510,-5.9
Amarpur,61-75,"1,840",Deceased,869,971,5.54
Amarpur,75+,"2,342",Deceased,"1,118","1,224",4.53
Amarpur,18-29,897,Duplicate enrolment,463,434,-3.23
Amarpur,30-44,"1,121",Duplicate enrolment,674,447,-20.25
Amarpur,45-60,726,Duplicate enrolment,399,327,-9.92
Amarpur,61-75,242,Duplicate enrolment,115,127,4.96
Amarpur,75+,70,Duplicate enrolment,30,40,14.29
Amarpur,18-29,"2,913",Permanently shifted,987,"1,926",32.23
Amarpur,30-44,"3,853",Permanently shifted,"1,616","2,237",16.12
Amarpur,45-60,"4,016",Permanently shifted,"2,052","1,964",-2.19
Amarpur,61-75,"1,686",Permanently shifted,899,787,-6.64
Amarpur,75+,586,Permanently shifted,297,289,-1.37
Amarpur,18-29,606,Untraceable,259,347,14.52
Amarpur,30-44,799,Untraceable,408,391,-2.13
Amarpur,45-60,625,Untraceable,342,283,-9.44
Amarpur,61-75,309,Untraceable,146,163,5.5
Amarpur,75+,105,Untraceable,39,66,25.71
Dhauraiya (SC),18-29,181,Deceased,100,81,-10.5
Dhauraiya (SC),30-44,687,Deceased,335,352,2.47
Dhauraiya (SC),45-60,"1,355",Deceased,669,686,1.25
Dhauraiya (SC),61-75,"2,104",Deceased,"1,004","1,100",4.56
Dhauraiya (SC),75+,"1,756",Deceased,850,906,3.19
Dhauraiya (SC),18-29,910,Duplicate enrolment,439,471,3.52
Dhauraiya (SC),30-44,"1,314",Duplicate enrolment,729,585,-10.96
Dhauraiya (SC),45-60,608,Duplicate enrolment,266,342,12.5
Dhauraiya (SC),61-75,209,Duplicate enrolment,89,120,14.83
Dhauraiya (SC),75+,58,Duplicate enrolment,21,37,27.59
Dhauraiya (SC),18-29,"2,016",Permanently shifted,587,"1,429",41.77
Dhauraiya (SC),30-44,"4,334",Permanently shifted,"1,783","2,551",17.72
Dhauraiya (SC),45-60,"3,163",Permanently shifted,"1,600","1,563",-1.17
Dhauraiya (SC),61-75,"1,135",Permanently shifted,571,564,-0.62
Dhauraiya (SC),75+,293,Permanently shifted,141,152,3.75
Dhauraiya (SC),18-29,486,Untraceable,239,247,1.65
Dhauraiya (SC),30-44,844,Untraceable,438,406,-3.79
Dhauraiya (SC),45-60,519,Untraceable,256,263,1.35
Dhauraiya (SC),61-75,195,Untraceable,95,100,2.56
Dhauraiya (SC),75+,69,Untraceable,26,43,24.64
Banka,18-29,147,Deceased,64,83,12.93
Banka,30-44,641,Deceased,343,298,-7.02
Banka,45-60,"1,175",Deceased,600,575,-2.13
Banka,61-75,"1,685",Deceased,831,854,1.36
Banka,75+,877,Deceased,420,457,4.22
Banka,18-29,"1,167",Duplicate enrolment,456,711,21.85
Banka,30-44,"1,082",Duplicate enrolment,523,559,3.33
Banka,45-60,306,Duplicate enrolment,142,164,7.19
Banka,61-75,96,Duplicate enrolment,43,53,10.42
Banka,75+,28,Duplicate enrolment,9,19,35.71
Banka,18-29,"2,977",Permanently shifted,933,"2,044",37.32
Banka,30-44,"5,710",Permanently shifted,"2,531","3,179",11.35
Banka,45-60,"3,155",Permanently shifted,"1,641","1,514",-4.03
Banka,61-75,931,Permanently shifted,485,446,-4.19
Banka,75+,220,Permanently shifted,99,121,10
Banka,18-29,964,Untraceable,413,551,14.32
Banka,30-44,"2,067",Untraceable,946,"1,121",8.47
Banka,45-60,"1,086",Untraceable,566,520,-4.24
Banka,61-75,410,Untraceable,188,222,8.29
Banka,75+,97,Untraceable,34,63,29.9
Katoria (ST),18-29,183,Deceased,103,80,-12.57
Katoria (ST),30-44,806,Deceased,434,372,-7.69
Katoria (ST),45-60,"1,612",Deceased,870,742,-7.94
Katoria (ST),61-75,"2,603",Deceased,"1,393","1,210",-7.03
Katoria (ST),75+,"2,089",Deceased,"1,002","1,087",4.07
Katoria (ST),18-29,668,Duplicate enrolment,333,335,0.3
Katoria (ST),30-44,"1,187",Duplicate enrolment,697,490,-17.44
Katoria (ST),45-60,421,Duplicate enrolment,208,213,1.19
Katoria (ST),61-75,139,Duplicate enrolment,68,71,2.16
Katoria (ST),75+,32,Duplicate enrolment,14,18,12.5
Katoria (ST),18-29,"1,368",Permanently shifted,538,830,21.35
Katoria (ST),30-44,"2,874",Permanently shifted,"1,288","1,586",10.37
Katoria (ST),45-60,"1,988",Permanently shifted,"1,031",957,-3.72
Katoria (ST),61-75,748,Permanently shifted,394,354,-5.35
Katoria (ST),75+,191,Permanently shifted,91,100,4.71
Katoria (ST),18-29,524,Untraceable,273,251,-4.2
Katoria (ST),30-44,"1,001",Untraceable,488,513,2.5
Katoria (ST),45-60,554,Untraceable,284,270,-2.53
Katoria (ST),61-75,222,Untraceable,111,111,0
Katoria (ST),75+,74,Untraceable,29,45,21.62
Belhar,18-29,200,Deceased,91,109,9
Belhar,30-44,790,Deceased,403,387,-2.03
Belhar,45-60,"1,476",Deceased,747,729,-1.22
Belhar,61-75,"2,313",Deceased,"1,131","1,182",2.2
Belhar,75+,"1,846",Deceased,833,"1,013",9.75
Belhar,18-29,"1,164",Duplicate enrolment,556,608,4.47
Belhar,30-44,"2,084",Duplicate enrolment,"1,115",969,-7.01
Belhar,45-60,717,Duplicate enrolment,317,400,11.58
Belhar,61-75,216,Duplicate enrolment,92,124,14.81
Belhar,75+,58,Duplicate enrolment,14,44,51.72
Belhar,18-29,"2,120",Permanently shifted,603,"1,517",43.11
Belhar,30-44,"4,378",Permanently shifted,"1,903","2,475",13.07
Belhar,45-60,"3,033",Permanently shifted,"1,582","1,451",-4.32
Belhar,61-75,"1,005",Permanently shifted,516,489,-2.69
Belhar,75+,282,Permanently shifted,120,162,14.89
Belhar,18-29,959,Untraceable,437,522,8.86
Belhar,30-44,"1,956",Untraceable,953,"1,003",2.56
Belhar,45-60,"1,293",Untraceable,681,612,-5.34
Belhar,61-75,466,Untraceable,226,240,3
Belhar,75+,152,Untraceable,58,94,23.68
Tarapur,18-29,254,Deceased,152,102,-19.69
Tarapur,30-44,"1,590",Deceased,864,726,-8.68
Tarapur,45-60,"3,018",Deceased,"1,638","1,380",-8.55
Tarapur,61-75,"4,956",Deceased,"2,586","2,370",-4.36
Tarapur,75+,"3,514",Deceased,"1,738","1,776",1.08
Tarapur,18-29,841,Duplicate enrolment,437,404,-3.92
Tarapur,30-44,"1,621",Duplicate enrolment,966,655,-19.19
Tarapur,45-60,563,Duplicate enrolment,313,250,-11.19
Tarapur,61-75,197,Duplicate enrolment,96,101,2.54
Tarapur,75+,33,Duplicate enrolment,19,14,-15.15
Tarapur,18-29,"1,642",Permanently shifted,557,"1,085",32.16
Tarapur,30-44,"3,772",Permanently shifted,"1,508","2,264",20.04
Tarapur,45-60,"2,145",Permanently shifted,"1,166",979,-8.72
Tarapur,61-75,725,Permanently shifted,424,301,-16.97
Tarapur,75+,182,Permanently shifted,83,99,8.79
Tarapur,18-29,205,Untraceable,109,96,-6.34
Tarapur,30-44,327,Untraceable,148,179,9.48
Tarapur,45-60,206,Untraceable,111,95,-7.77
Tarapur,61-75,80,Untraceable,39,41,2.5
Tarapur,75+,18,Untraceable,9,9,0
Munger,18-29,173,Deceased,92,81,-6.36
Munger,30-44,"1,325",Deceased,745,580,-12.45
Munger,45-60,"2,965",Deceased,"1,677","1,288",-13.12
Munger,61-75,"4,201",Deceased,"2,228","1,973",-6.07
Munger,75+,"2,091",Deceased,"1,076","1,015",-2.92
Munger,18-29,465,Duplicate enrolment,246,219,-5.81
Munger,30-44,"1,148",Duplicate enrolment,689,459,-20.03
Munger,45-60,386,Duplicate enrolment,203,183,-5.18
Munger,61-75,110,Duplicate enrolment,56,54,-1.82
Munger,75+,25,Duplicate enrolment,10,15,20
Munger,18-29,"1,349",Permanently shifted,519,830,23.05
Munger,30-44,"4,057",Permanently shifted,"1,724","2,333",15.01
Munger,45-60,"2,014",Permanently shifted,"1,051",963,-4.37
Munger,61-75,690,Permanently shifted,364,326,-5.51
Munger,75+,205,Permanently shifted,89,116,13.17
Munger,18-29,296,Untraceable,156,140,-5.41
Munger,30-44,699,Untraceable,390,309,-11.59
Munger,45-60,325,Untraceable,187,138,-15.08
Munger,61-75,134,Untraceable,67,67,0
Munger,75+,50,Untraceable,23,27,8
Jamalpur,18-29,209,Deceased,115,94,-10.05
Jamalpur,30-44,"1,361",Deceased,796,565,-16.97
Jamalpur,45-60,"2,713",Deceased,"1,449","1,264",-6.82
Jamalpur,61-75,"3,895",Deceased,"1,942","1,953",0.28
Jamalpur,75+,"2,466",Deceased,"1,166","1,300",5.43
Jamalpur,18-29,812,Duplicate enrolment,413,399,-1.72
Jamalpur,30-44,"1,747",Duplicate enrolment,"1,061",686,-21.47
Jamalpur,45-60,668,Duplicate enrolment,337,331,-0.9
Jamalpur,61-75,232,Duplicate enrolment,121,111,-4.31
Jamalpur,75+,42,Duplicate enrolment,15,27,28.57
Jamalpur,18-29,"1,437",Permanently shifted,544,893,24.29
Jamalpur,30-44,"4,131",Permanently shifted,"1,813","2,318",12.22
Jamalpur,45-60,"2,517",Permanently shifted,"1,293","1,224",-2.74
Jamalpur,61-75,909,Permanently shifted,448,461,1.43
Jamalpur,75+,193,Permanently shifted,94,99,2.59
Jamalpur,18-29,303,Untraceable,141,162,6.93
Jamalpur,30-44,438,Untraceable,239,199,-9.13
Jamalpur,45-60,234,Untraceable,119,115,-1.71
Jamalpur,61-75,97,Untraceable,49,48,-1.03
Jamalpur,75+,27,Untraceable,13,14,3.7
Suryagarha,18-29,286,Deceased,154,132,-7.69
Suryagarha,30-44,968,Deceased,509,459,-5.17
Suryagarha,45-60,"1,771",Deceased,897,874,-1.3
Suryagarha,61-75,"2,774",Deceased,"1,322","1,452",4.69
Suryagarha,75+,"2,637",Deceased,"1,199","1,438",9.06
Suryagarha,18-29,822,Duplicate enrolment,404,418,1.7
Suryagarha,30-44,"1,033",Duplicate enrolment,549,484,-6.29
Suryagarha,45-60,513,Duplicate enrolment,239,274,6.82
Suryagarha,61-75,198,Duplicate enrolment,82,116,17.17
Suryagarha,75+,76,Duplicate enrolment,31,45,18.42
Suryagarha,18-29,"2,159",Permanently shifted,714,"1,445",33.86
Suryagarha,30-44,"3,717",Permanently shifted,"1,429","2,288",23.11
Suryagarha,45-60,"2,849",Permanently shifted,"1,404","1,445",1.44
Suryagarha,61-75,"1,065",Permanently shifted,548,517,-2.91
Suryagarha,75+,258,Permanently shifted,122,136,5.43
Suryagarha,18-29,623,Untraceable,289,334,7.22
Suryagarha,30-44,869,Untraceable,413,456,4.95
Suryagarha,45-60,580,Untraceable,317,263,-9.31
Suryagarha,61-75,240,Untraceable,124,116,-3.33
Suryagarha,75+,64,Untraceable,30,34,6.25
Lakhisarai,18-29,260,Deceased,138,122,-6.15
Lakhisarai,30-44,996,Deceased,524,472,-5.22
Lakhisarai,45-60,"2,141",Deceased,"1,096","1,045",-2.38
Lakhisarai,61-75,"3,327",Deceased,"1,671","1,656",-0.45
Lakhisarai,75+,"2,984",Deceased,"1,432","1,552",4.02
Lakhisarai,18-29,916,Duplicate enrolment,481,435,-5.02
Lakhisarai,30-44,"1,420",Duplicate enrolment,779,641,-9.72
Lakhisarai,45-60,829,Duplicate enrolment,379,450,8.56
Lakhisarai,61-75,281,Duplicate enrolment,107,174,23.84
Lakhisarai,75+,67,Duplicate enrolment,22,45,34.33
Lakhisarai,18-29,"1,900",Permanently shifted,540,"1,360",43.16
Lakhisarai,30-44,"3,966",Permanently shifted,"1,510","2,456",23.85
Lakhisarai,45-60,"2,688",Permanently shifted,"1,343","1,345",0.07
Lakhisarai,61-75,940,Permanently shifted,490,450,-4.26
Lakhisarai,75+,244,Permanently shifted,113,131,7.38
Lakhisarai,18-29,497,Untraceable,229,268,7.85
Lakhisarai,30-44,884,Untraceable,427,457,3.39
Lakhisarai,45-60,615,Untraceable,318,297,-3.41
Lakhisarai,61-75,274,Untraceable,135,139,1.46
Lakhisarai,75+,68,Untraceable,29,39,14.71
Sheikhpura,18-29,87,Deceased,44,43,-1.15
Sheikhpura,30-44,465,Deceased,239,226,-2.8
Sheikhpura,45-60,758,Deceased,366,392,3.43
Sheikhpura,61-75,"1,234",Deceased,558,676,9.56
Sheikhpura,75+,782,Deceased,338,444,13.55
Sheikhpura,18-29,224,Duplicate enrolment,108,116,3.57
Sheikhpura,30-44,482,Duplicate enrolment,240,242,0.41
Sheikhpura,45-60,157,Duplicate enrolment,63,94,19.75
Sheikhpura,61-75,73,Duplicate enrolment,32,41,12.33
Sheikhpura,75+,14,Duplicate enrolment,6,8,14.29
Sheikhpura,18-29,599,Permanently shifted,151,448,49.58
Sheikhpura,30-44,"1,325",Permanently shifted,476,849,28.15
Sheikhpura,45-60,591,Permanently shifted,272,319,7.95
Sheikhpura,61-75,184,Permanently shifted,86,98,6.52
Sheikhpura,75+,41,Permanently shifted,20,21,2.44
Sheikhpura,18-29,67,Untraceable,27,40,19.4
Sheikhpura,30-44,186,Untraceable,91,95,2.15
Sheikhpura,45-60,73,Untraceable,33,40,9.59
Sheikhpura,61-75,23,Untraceable,12,11,-4.35
Sheikhpura,75+,10,Untraceable,2,8,60
Barbigha,18-29,122,Deceased,65,57,-6.56
Barbigha,30-44,549,Deceased,270,279,1.64
Barbigha,45-60,"1,188",Deceased,548,640,7.74
Barbigha,61-75,"1,849",Deceased,829,"1,020",10.33
Barbigha,75+,"1,419",Deceased,533,886,24.88
Barbigha,18-29,415,Duplicate enrolment,225,190,-8.43
Barbigha,30-44,716,Duplicate enrolment,388,328,-8.38
Barbigha,45-60,332,Duplicate enrolment,144,188,13.25
Barbigha,61-75,118,Duplicate enrolment,41,77,30.51
Barbigha,75+,28,Duplicate enrolment,11,17,21.43
Barbigha,18-29,"1,182",Permanently shifted,313,869,47.04
Barbigha,30-44,"2,506",Permanently shifted,894,"1,612",28.65
Barbigha,45-60,"1,610",Permanently shifted,762,848,5.34
Barbigha,61-75,543,Permanently shifted,252,291,7.18
Barbigha,75+,132,Permanently shifted,49,83,25.76
Barbigha,18-29,127,Untraceable,54,73,14.96
Barbigha,30-44,205,Untraceable,104,101,-1.46
Barbigha,45-60,139,Untraceable,73,66,-5.04
Barbigha,61-75,42,Untraceable,18,24,14.29
Barbigha,75+,18,Untraceable,7,11,22.22
Asthawan,18-29,170,Deceased,82,88,3.53
Asthawan,30-44,759,Deceased,406,353,-6.98
Asthawan,45-60,"1,708",Deceased,900,808,-5.39
Asthawan,61-75,"2,977",Deceased,"1,525","1,452",-2.45
Asthawan,75+,"2,919",Deceased,"1,384","1,535",5.17
Asthawan,18-29,417,Duplicate enrolment,234,183,-12.23
Asthawan,30-44,832,Duplicate enrolment,492,340,-18.27
Asthawan,45-60,498,Duplicate enrolment,244,254,2.01
Asthawan,61-75,172,Duplicate enrolment,87,85,-1.16
Asthawan,75+,48,Duplicate enrolment,17,31,29.17
Asthawan,18-29,665,Permanently shifted,150,515,54.89
Asthawan,30-44,"1,329",Permanently shifted,447,882,32.73
Asthawan,45-60,870,Permanently shifted,443,427,-1.84
Asthawan,61-75,396,Permanently shifted,204,192,-3.03
Asthawan,75+,87,Permanently shifted,36,51,17.24
Asthawan,18-29,147,Untraceable,59,88,19.73
Asthawan,30-44,335,Untraceable,176,159,-5.07
Asthawan,45-60,306,Untraceable,155,151,-1.31
Asthawan,61-75,135,Untraceable,69,66,-2.22
Asthawan,75+,55,Untraceable,24,31,12.73
Biharsharif,18-29,175,Deceased,91,84,-4
Biharsharif,30-44,887,Deceased,510,377,-14.99
Biharsharif,45-60,"1,989",Deceased,"1,120",869,-12.62
Biharsharif,61-75,"3,370",Deceased,"1,829","1,541",-8.55
Biharsharif,75+,"3,325",Deceased,"1,688","1,637",-1.53
Biharsharif,18-29,553,Duplicate enrolment,318,235,-15.01
Biharsharif,30-44,"1,237",Duplicate enrolment,703,534,-13.66
Biharsharif,45-60,744,Duplicate enrolment,410,334,-10.22
Biharsharif,61-75,223,Duplicate enrolment,123,100,-10.31
Biharsharif,75+,62,Duplicate enrolment,31,31,0
Biharsharif,18-29,965,Permanently shifted,299,666,38.03
Biharsharif,30-44,"3,426",Permanently shifted,"1,293","2,133",24.52
Biharsharif,45-60,"2,589",Permanently shifted,"1,392","1,197",-7.53
Biharsharif,61-75,934,Permanently shifted,510,424,-9.21
Biharsharif,75+,242,Permanently shifted,125,117,-3.31
Biharsharif,18-29,99,Untraceable,51,48,-3.03
Biharsharif,30-44,138,Untraceable,70,68,-1.45
Biharsharif,45-60,89,Untraceable,42,47,5.62
Biharsharif,61-75,26,Untraceable,15,11,-15.38
Biharsharif,75+,12,Untraceable,5,7,16.67
Rajgir (SC),18-29,190,Deceased,99,91,-4.21
Rajgir (SC),30-44,942,Deceased,527,415,-11.89
Rajgir (SC),45-60,"2,230",Deceased,"1,126","1,104",-0.99
Rajgir (SC),61-75,"3,376",Deceased,"1,660","1,716",1.66
Rajgir (SC),75+,"2,680",Deceased,"1,234","1,446",7.91
Rajgir (SC),18-29,687,Duplicate enrolment,398,289,-15.87
Rajgir (SC),30-44,"1,418",Duplicate enrolment,765,653,-7.9
Rajgir (SC),45-60,847,Duplicate enrolment,392,455,7.44
Rajgir (SC),61-75,275,Duplicate enrolment,116,159,15.64
Rajgir (SC),75+,55,Duplicate enrolment,26,29,5.45
Rajgir (SC),18-29,"1,658",Permanently shifted,479,"1,179",42.22
Rajgir (SC),30-44,"3,611",Permanently shifted,"1,305","2,306",27.72
Rajgir (SC),45-60,"3,049",Permanently shifted,"1,497","1,552",1.8
Rajgir (SC),61-75,994,Permanently shifted,498,496,-0.2
Rajgir (SC),75+,276,Permanently shifted,134,142,2.9
Rajgir (SC),18-29,458,Untraceable,228,230,0.44
Rajgir (SC),30-44,897,Untraceable,422,475,5.91
Rajgir (SC),45-60,850,Untraceable,396,454,6.82
Rajgir (SC),61-75,272,Untraceable,130,142,4.41
Rajgir (SC),75+,87,Untraceable,45,42,-3.45
Islampur,18-29,199,Deceased,110,89,-10.55
Islampur,30-44,"1,049",Deceased,559,490,-6.58
Islampur,45-60,"2,337",Deceased,"1,240","1,097",-6.12
Islampur,61-75,"3,588",Deceased,"1,795","1,793",-0.06
Islampur,75+,"3,536",Deceased,"1,635","1,901",7.52
Islampur,18-29,627,Duplicate enrolment,374,253,-19.3
Islampur,30-44,"1,149",Duplicate enrolment,680,469,-18.36
Islampur,45-60,679,Duplicate enrolment,360,319,-6.04
Islampur,61-75,161,Duplicate enrolment,64,97,20.5
Islampur,75+,47,Duplicate enrolment,23,24,2.13
Islampur,18-29,"1,762",Permanently shifted,579,"1,183",34.28
Islampur,30-44,"3,349",Permanently shifted,"1,192","2,157",28.81
Islampur,45-60,"2,498",Permanently shifted,"1,245","1,253",0.32
Islampur,61-75,818,Permanently shifted,418,400,-2.2
Islampur,75+,257,Permanently shifted,118,139,8.17
Islampur,18-29,138,Untraceable,60,78,13.04
Islampur,30-44,170,Untraceable,83,87,2.35
Islampur,45-60,86,Untraceable,38,48,11.63
Islampur,61-75,36,Untraceable,19,17,-5.56
Islampur,75+,12,Untraceable,7,5,-16.67
Hilsa,18-29,289,Deceased,139,150,3.81
Hilsa,30-44,"1,275",Deceased,658,617,-3.22
Hilsa,45-60,"2,443",Deceased,"1,210","1,233",0.94
Hilsa,61-75,"3,756",Deceased,"1,803","1,953",3.99
Hilsa,75+,"3,138",Deceased,"1,444","1,694",7.97
Hilsa,18-29,837,Duplicate enrolment,476,361,-13.74
Hilsa,30-44,"1,686",Duplicate enrolment,933,753,-10.68
Hilsa,45-60,875,Duplicate enrolment,418,457,4.46
Hilsa,61-75,272,Duplicate enrolment,109,163,19.85
Hilsa,75+,60,Duplicate enrolment,22,38,26.67
Hilsa,18-29,"1,255",Permanently shifted,405,850,35.46
Hilsa,30-44,"2,282",Permanently shifted,824,"1,458",27.78
Hilsa,45-60,"1,639",Permanently shifted,807,832,1.53
Hilsa,61-75,549,Permanently shifted,285,264,-3.83
Hilsa,75+,152,Permanently shifted,74,78,2.63
Hilsa,18-29,863,Untraceable,412,451,4.52
Hilsa,30-44,"1,300",Untraceable,573,727,11.85
Hilsa,45-60,766,Untraceable,358,408,6.53
Hilsa,61-75,254,Untraceable,120,134,5.51
Hilsa,75+,79,Untraceable,28,51,29.11
Nalanda,18-29,208,Deceased,128,80,-23.08
Nalanda,30-44,687,Deceased,379,308,-10.33
Nalanda,45-60,"1,642",Deceased,854,788,-4.02
Nalanda,61-75,"2,726",Deceased,"1,418","1,308",-4.04
Nalanda,75+,"2,290",Deceased,"1,086","1,204",5.15
Nalanda,18-29,506,Duplicate enrolment,319,187,-26.09
Nalanda,30-44,666,Duplicate enrolment,386,280,-15.92
Nalanda,45-60,443,Duplicate enrolment,218,225,1.58
Nalanda,61-75,142,Duplicate enrolment,69,73,2.82
Nalanda,75+,24,Duplicate enrolment,14,10,-16.67
Nalanda,18-29,982,Permanently shifted,354,628,27.9
Nalanda,30-44,"1,567",Permanently shifted,681,886,13.08
Nalanda,45-60,"1,239",Permanently shifted,665,574,-7.34
Nalanda,61-75,362,Permanently shifted,193,169,-6.63
Nalanda,75+,103,Permanently shifted,52,51,-0.97
Nalanda,18-29,294,Untraceable,167,127,-13.61
Nalanda,30-44,208,Untraceable,98,110,5.77
Nalanda,45-60,171,Untraceable,81,90,5.26
Nalanda,61-75,55,Untraceable,28,27,-1.82
Nalanda,75+,18,Untraceable,8,10,11.11
Harnaut,18-29,223,Deceased,133,90,-19.28
Harnaut,30-44,978,Deceased,517,461,-5.73
Harnaut,45-60,"1,926",Deceased,"1,019",907,-5.82
Harnaut,61-75,"3,045",Deceased,"1,543","1,502",-1.35
Harnaut,75+,"2,391",Deceased,"1,114","1,277",6.82
Harnaut,18-29,607,Duplicate enrolment,381,226,-25.54
Harnaut,30-44,"1,080",Duplicate enrolment,601,479,-11.3
Harnaut,45-60,487,Duplicate enrolment,218,269,10.47
Harnaut,61-75,165,Duplicate enrolment,72,93,12.73
Harnaut,75+,29,Duplicate enrolment,16,13,-10.34
Harnaut,18-29,"1,426",Permanently shifted,583,843,18.23
Harnaut,30-44,"2,338",Permanently shifted,849,"1,489",27.37
Harnaut,45-60,"1,352",Permanently shifted,660,692,2.37
Harnaut,61-75,465,Permanently shifted,232,233,0.22
Harnaut,75+,121,Permanently shifted,57,64,5.79
Harnaut,18-29,143,Untraceable,74,69,-3.5
Harnaut,30-44,149,Untraceable,62,87,16.78
Harnaut,45-60,83,Untraceable,40,43,3.61
Harnaut,61-75,29,Untraceable,16,13,-10.34
Harnaut,75+,9,Untraceable,5,4,-11.11
Mokama,18-29,219,Deceased,133,86,-21.46
Mokama,30-44,"1,039",Deceased,564,475,-8.57
Mokama,45-60,"1,791",Deceased,889,902,0.73
Mokama,61-75,"2,881",Deceased,"1,395","1,486",3.16
Mokama,75+,"2,112",Deceased,967,"1,145",8.43
Mokama,18-29,541,Duplicate enrolment,284,257,-4.99
Mokama,30-44,788,Duplicate enrolment,416,372,-5.58
Mokama,45-60,314,Duplicate enrolment,156,158,0.64
Mokama,61-75,110,Duplicate enrolment,54,56,1.82
Mokama,75+,25,Duplicate enrolment,11,14,12
Mokama,18-29,"1,824",Permanently shifted,481,"1,343",47.26
Mokama,30-44,"3,815",Permanently shifted,"1,338","2,477",29.86
Mokama,45-60,"2,032",Permanently shifted,976,"1,056",3.94
Mokama,61-75,742,Permanently shifted,370,372,0.27
Mokama,75+,167,Permanently shifted,72,95,13.77
Mokama,18-29,48,Untraceable,24,24,0
Mokama,30-44,117,Untraceable,60,57,-2.56
Mokama,45-60,73,Untraceable,38,35,-4.11
Mokama,61-75,24,Untraceable,12,12,0
Mokama,75+,6,Untraceable,2,4,33.33
Barh,18-29,220,Deceased,116,104,-5.45
Barh,30-44,851,Deceased,453,398,-6.46
Barh,45-60,"1,923",Deceased,"1,049",874,-9.1
Barh,61-75,"3,074",Deceased,"1,574","1,500",-2.41
Barh,75+,"2,496",Deceased,"1,222","1,274",2.08
Barh,18-29,468,Duplicate enrolment,265,203,-13.25
Barh,30-44,619,Duplicate enrolment,389,230,-25.69
Barh,45-60,319,Duplicate enrolment,162,157,-1.57
Barh,61-75,103,Duplicate enrolment,41,62,20.39
Barh,75+,17,Duplicate enrolment,4,13,52.94
Barh,18-29,"1,051",Permanently shifted,264,787,49.76
Barh,30-44,"2,339",Permanently shifted,867,"1,472",25.87
Barh,45-60,"1,534",Permanently shifted,793,741,-3.39
Barh,61-75,531,Permanently shifted,280,251,-5.46
Barh,75+,131,Permanently shifted,60,71,8.4
Barh,18-29,75,Untraceable,33,42,12
Barh,30-44,139,Untraceable,83,56,-19.42
Barh,45-60,100,Untraceable,54,46,-8
Barh,61-75,40,Untraceable,22,18,-10
Barh,75+,7,Untraceable,2,5,42.86
Bakhtiarpur,18-29,282,Deceased,165,117,-17.02
Bakhtiarpur,30-44,943,Deceased,562,381,-19.19
Bakhtiarpur,45-60,"1,733",Deceased,937,796,-8.14
Bakhtiarpur,61-75,"2,958",Deceased,"1,515","1,443",-2.43
Bakhtiarpur,75+,"2,879",Deceased,"1,414","1,465",1.77
Bakhtiarpur,18-29,531,Duplicate enrolment,303,228,-14.12
Bakhtiarpur,30-44,850,Duplicate enrolment,495,355,-16.47
Bakhtiarpur,45-60,439,Duplicate enrolment,219,220,0.23
Bakhtiarpur,61-75,217,Duplicate enrolment,96,121,11.52
Bakhtiarpur,75+,62,Duplicate enrolment,27,35,12.9
Bakhtiarpur,18-29,"1,384",Permanently shifted,470,914,32.08
Bakhtiarpur,30-44,"2,283",Permanently shifted,853,"1,430",25.27
Bakhtiarpur,45-60,"1,494",Permanently shifted,789,705,-5.62
Bakhtiarpur,61-75,591,Permanently shifted,298,293,-0.85
Bakhtiarpur,75+,145,Permanently shifted,82,63,-13.1
Bakhtiarpur,18-29,182,Untraceable,92,90,-1.1
Bakhtiarpur,30-44,203,Untraceable,98,105,3.45
Bakhtiarpur,45-60,140,Untraceable,71,69,-1.43
Bakhtiarpur,61-75,61,Untraceable,36,25,-18.03
Bakhtiarpur,75+,19,Untraceable,7,12,26.32
Digha,18-29,66,Deceased,41,25,-24.24
Digha,30-44,660,Deceased,431,229,-30.61
Digha,45-60,"1,392",Deceased,809,583,-16.24
Digha,61-75,"2,554",Deceased,"1,451","1,103",-13.63
Digha,75+,"2,808",Deceased,"1,547","1,261",-10.19
Digha,18-29,241,Duplicate enrolment,138,103,-14.52
Digha,30-44,505,Duplicate enrolment,286,219,-13.27
Digha,45-60,382,Duplicate enrolment,196,186,-2.62
Digha,61-75,173,Duplicate enrolment,108,65,-24.86
Digha,75+,65,Duplicate enrolment,37,28,-13.85
Digha,18-29,"2,283",Permanently shifted,"1,075","1,208",5.83
Digha,30-44,"8,127",Permanently shifted,"3,900","4,227",4.02
Digha,45-60,"5,419",Permanently shifted,"2,556","2,863",5.67
Digha,61-75,"2,814",Permanently shifted,"1,456","1,358",-3.48
Digha,75+,"1,086",Permanently shifted,511,575,5.89
Digha,18-29,"3,053",Untraceable,"1,654","1,399",-8.35
Digha,30-44,"10,411",Untraceable,"5,383","5,028",-3.41
Digha,45-60,"6,577",Untraceable,"3,320","3,257",-0.96
Digha,61-75,"3,364",Untraceable,"1,753","1,611",-4.22
Digha,75+,"1,462",Untraceable,788,674,-7.8
Bankipur,18-29,65,Deceased,40,25,-23.08
Bankipur,30-44,480,Deceased,293,187,-22.08
Bankipur,45-60,"1,098",Deceased,633,465,-15.3
Bankipur,61-75,"1,687",Deceased,920,767,-9.07
Bankipur,75+,"1,538",Deceased,873,665,-13.52
Bankipur,18-29,195,Duplicate enrolment,104,91,-6.67
Bankipur,30-44,572,Duplicate enrolment,305,267,-6.64
Bankipur,45-60,398,Duplicate enrolment,204,194,-2.51
Bankipur,61-75,149,Duplicate enrolment,76,73,-2.01
Bankipur,75+,44,Duplicate enrolment,16,28,27.27
Bankipur,18-29,818,Permanently shifted,401,417,1.96
Bankipur,30-44,"5,108",Permanently shifted,"2,457","2,651",3.8
Bankipur,45-60,"3,893",Permanently shifted,"2,041","1,852",-4.85
Bankipur,61-75,"1,570",Permanently shifted,855,715,-8.92
Bankipur,75+,494,Permanently shifted,262,232,-6.07
Bankipur,18-29,"2,051",Untraceable,"1,125",926,-9.7
Bankipur,30-44,"8,517",Untraceable,"4,481","4,036",-5.22
Bankipur,45-60,"5,492",Untraceable,"2,725","2,767",0.76
Bankipur,61-75,"2,068",Untraceable,"1,155",913,-11.7
Bankipur,75+,726,Untraceable,381,345,-4.96
Kumhrar,18-29,64,Deceased,45,19,-40.63
Kumhrar,30-44,591,Deceased,380,211,-28.6
Kumhrar,45-60,"1,570",Deceased,912,658,-16.18
Kumhrar,61-75,"2,474",Deceased,"1,389","1,085",-12.29
Kumhrar,75+,"2,390",Deceased,"1,371","1,019",-14.73
Kumhrar,18-29,178,Duplicate enrolment,93,85,-4.49
Kumhrar,30-44,645,Duplicate enrolment,344,301,-6.67
Kumhrar,45-60,428,Duplicate enrolment,228,200,-6.54
Kumhrar,61-75,179,Duplicate enrolment,97,82,-8.38
Kumhrar,75+,33,Duplicate enrolment,21,12,-27.27
Kumhrar,18-29,807,Permanently shifted,343,464,14.99
Kumhrar,30-44,"4,403",Permanently shifted,"1,908","2,495",13.33
Kumhrar,45-60,"3,481",Permanently shifted,"1,789","1,692",-2.79
Kumhrar,61-75,"1,527",Permanently shifted,825,702,-8.06
Kumhrar,75+,484,Permanently shifted,241,243,0.41
Kumhrar,18-29,790,Untraceable,441,349,-11.65
Kumhrar,30-44,"3,485",Untraceable,"1,862","1,623",-6.86
Kumhrar,45-60,"2,551",Untraceable,"1,393","1,158",-9.21
Kumhrar,61-75,"1,036",Untraceable,546,490,-5.41
Kumhrar,75+,440,Untraceable,241,199,-9.55
Patna Sahib,18-29,115,Deceased,72,43,-25.22
Patna Sahib,30-44,962,Deceased,617,345,-28.27
Patna Sahib,45-60,"2,761",Deceased,"1,650","1,111",-19.52
Patna Sahib,61-75,"4,466",Deceased,"2,441","2,025",-9.31
Patna Sahib,75+,"3,134",Deceased,"1,665","1,469",-6.25
Patna Sahib,18-29,436,Duplicate enrolment,244,192,-11.93
Patna Sahib,30-44,630,Duplicate enrolment,344,286,-9.21
Patna Sahib,45-60,348,Duplicate enrolment,174,174,0
Patna Sahib,61-75,138,Duplicate enrolment,69,69,0
Patna Sahib,75+,29,Duplicate enrolment,14,15,3.45
Patna Sahib,18-29,987,Permanently shifted,345,642,30.09
Patna Sahib,30-44,"4,078",Permanently shifted,"1,376","2,702",32.52
Patna Sahib,45-60,"2,715",Permanently shifted,"1,398","1,317",-2.98
Patna Sahib,61-75,"1,009",Permanently shifted,548,461,-8.62
Patna Sahib,75+,236,Permanently shifted,124,112,-5.08
Patna Sahib,18-29,"1,079",Untraceable,542,537,-0.46
Patna Sahib,30-44,"3,422",Untraceable,"1,669","1,753",2.45
Patna Sahib,45-60,"2,430",Untraceable,"1,235","1,195",-1.65
Patna Sahib,61-75,"1,207",Untraceable,625,582,-3.56
Patna Sahib,75+,433,Untraceable,208,225,3.93
Fatuha,18-29,182,Deceased,107,75,-17.58
Fatuha,30-44,"1,138",Deceased,692,446,-21.62
Fatuha,45-60,"2,106",Deceased,"1,119",987,-6.27
Fatuha,61-75,"3,061",Deceased,"1,561","1,500",-1.99
Fatuha,75+,"1,821",Deceased,911,910,-0.05
Fatuha,18-29,458,Duplicate enrolment,251,207,-9.61
Fatuha,30-44,"1,087",Duplicate enrolment,604,483,-11.13
Fatuha,45-60,597,Duplicate enrolment,276,321,7.54
Fatuha,61-75,173,Duplicate enrolment,66,107,23.7
Fatuha,75+,48,Duplicate enrolment,21,27,12.5
Fatuha,18-29,"1,372",Permanently shifted,444,928,35.28
Fatuha,30-44,"3,529",Permanently shifted,"1,323","2,206",25.02
Fatuha,45-60,"2,350",Permanently shifted,"1,134","1,216",3.49
Fatuha,61-75,772,Permanently shifted,390,382,-1.04
Fatuha,75+,189,Permanently shifted,99,90,-4.76
Fatuha,18-29,57,Untraceable,24,33,15.79
Fatuha,30-44,184,Untraceable,99,85,-7.61
Fatuha,45-60,118,Untraceable,66,52,-11.86
Fatuha,61-75,37,Untraceable,15,22,18.92
Fatuha,75+,12,Untraceable,6,6,0
Danapur,18-29,163,Deceased,109,54,-33.74
Danapur,30-44,"1,094",Deceased,735,359,-34.37
Danapur,45-60,"2,489",Deceased,"1,508",981,-21.17
Danapur,61-75,"3,612",Deceased,"1,968","1,644",-8.97
Danapur,75+,"2,818",Deceased,"1,484","1,334",-5.32
Danapur,18-29,382,Duplicate enrolment,201,181,-5.24
Danapur,30-44,753,Duplicate enrolment,417,336,-10.76
Danapur,45-60,452,Duplicate enrolment,219,233,3.1
Danapur,61-75,181,Duplicate enrolment,94,87,-3.87
Danapur,75+,40,Duplicate enrolment,19,21,5
Danapur,18-29,"2,738",Permanently shifted,"1,465","1,273",-7.01
Danapur,30-44,"5,732",Permanently shifted,"2,674","3,058",6.7
Danapur,45-60,"3,619",Permanently shifted,"1,892","1,727",-4.56
Danapur,61-75,"1,486",Permanently shifted,809,677,-8.88
Danapur,75+,434,Permanently shifted,221,213,-1.84
Danapur,18-29,217,Untraceable,115,102,-5.99
Danapur,30-44,445,Untraceable,204,241,8.31
Danapur,45-60,321,Untraceable,180,141,-12.15
Danapur,61-75,149,Untraceable,80,69,-7.38
Danapur,75+,75,Untraceable,41,34,-9.33
Maner,18-29,362,Deceased,212,150,-17.13
Maner,30-44,"1,602",Deceased,"1,013",589,-26.47
Maner,45-60,"3,377",Deceased,"1,937","1,440",-14.72
Maner,61-75,"4,995",Deceased,"2,564","2,431",-2.66
Maner,75+,"3,905",Deceased,"1,945","1,960",0.38
Maner,18-29,796,Duplicate enrolment,473,323,-18.84
Maner,30-44,"1,638",Duplicate enrolment,921,717,-12.45
Maner,45-60,914,Duplicate enrolment,460,454,-0.66
Maner,61-75,309,Duplicate enrolment,136,173,11.97
Maner,75+,66,Duplicate enrolment,28,38,15.15
Maner,18-29,"2,065",Permanently shifted,636,"1,429",38.4
Maner,30-44,"3,913",Permanently shifted,"1,534","2,379",21.59
Maner,45-60,"2,743",Permanently shifted,"1,424","1,319",-3.83
Maner,61-75,908,Permanently shifted,450,458,0.88
Maner,75+,255,Permanently shifted,133,122,-4.31
Maner,18-29,577,Untraceable,289,288,-0.17
Maner,30-44,827,Untraceable,414,413,-0.12
Maner,45-60,548,Untraceable,278,270,-1.46
Maner,61-75,219,Untraceable,115,104,-5.02
Maner,75+,76,Untraceable,31,45,18.42
Phulwari (SC),18-29,335,Deceased,208,127,-24.18
Phulwari (SC),30-44,"1,575",Deceased,"1,019",556,-29.4
Phulwari (SC),45-60,"3,268",Deceased,"1,934","1,334",-18.36
Phulwari (SC),61-75,"5,102",Deceased,"2,808","2,294",-10.07
Phulwari (SC),75+,"4,249",Deceased,"2,290","1,959",-7.79
Phulwari (SC),18-29,720,Duplicate enrolment,411,309,-14.17
Phulwari (SC),30-44,"1,383",Duplicate enrolment,806,577,-16.56
Phulwari (SC),45-60,797,Duplicate enrolment,395,402,0.88
Phulwari (SC),61-75,329,Duplicate enrolment,167,162,-1.52
Phulwari (SC),75+,72,Duplicate enrolment,33,39,8.33
Phulwari (SC),18-29,"2,442",Permanently shifted,871,"1,571",28.67
Phulwari (SC),30-44,"5,485",Permanently shifted,"2,091","3,394",23.76
Phulwari (SC),45-60,"3,769",Permanently shifted,"1,865","1,904",1.03
Phulwari (SC),61-75,"1,444",Permanently shifted,743,701,-2.91
Phulwari (SC),75+,363,Permanently shifted,173,190,4.68
Phulwari (SC),18-29,725,Untraceable,372,353,-2.62
Phulwari (SC),30-44,"1,392",Untraceable,682,710,2.01
Phulwari (SC),45-60,947,Untraceable,492,455,-3.91
Phulwari (SC),61-75,418,Untraceable,207,211,0.96
Phulwari (SC),75+,154,Untraceable,74,80,3.9
Masaurhi (SC),18-29,322,Deceased,155,167,3.73
Masaurhi (SC),30-44,"1,500",Deceased,875,625,-16.67
Masaurhi (SC),45-60,"2,547",Deceased,"1,417","1,130",-11.27
Masaurhi (SC),61-75,"3,692",Deceased,"1,933","1,759",-4.71
Masaurhi (SC),75+,"3,074",Deceased,"1,446","1,628",5.92
Masaurhi (SC),18-29,989,Duplicate enrolment,563,426,-13.85
Masaurhi (SC),30-44,"1,875",Duplicate enrolment,"1,088",787,-16.05
Masaurhi (SC),45-60,943,Duplicate enrolment,472,471,-0.11
Masaurhi (SC),61-75,322,Duplicate enrolment,153,169,4.97
Masaurhi (SC),75+,89,Duplicate enrolment,40,49,10.11
Masaurhi (SC),18-29,"3,169",Permanently shifted,844,"2,325",46.73
Masaurhi (SC),30-44,"7,575",Permanently shifted,"2,945","4,630",22.24
Masaurhi (SC),45-60,"4,970",Permanently shifted,"2,473","2,497",0.48
Masaurhi (SC),61-75,"1,825",Permanently shifted,891,934,2.36
Masaurhi (SC),75+,561,Permanently shifted,261,300,6.95
Masaurhi (SC),18-29,729,Untraceable,341,388,6.45
Masaurhi (SC),30-44,"1,291",Untraceable,621,670,3.8
Masaurhi (SC),45-60,868,Untraceable,445,423,-2.53
Masaurhi (SC),61-75,408,Untraceable,195,213,4.41
Masaurhi (SC),75+,113,Untraceable,45,68,20.35
Paliganj,18-29,268,Deceased,153,115,-14.18
Paliganj,30-44,"1,010",Deceased,566,444,-12.08
Paliganj,45-60,"2,030",Deceased,"1,018","1,012",-0.3
Paliganj,61-75,"3,173",Deceased,"1,577","1,596",0.6
Paliganj,75+,"2,850",Deceased,"1,366","1,484",4.14
Paliganj,18-29,577,Duplicate enrolment,348,229,-20.62
Paliganj,30-44,"1,000",Duplicate enrolment,569,431,-13.8
Paliganj,45-60,529,Duplicate enrolment,265,264,-0.19
Paliganj,61-75,173,Duplicate enrolment,76,97,12.14
Paliganj,75+,35,Duplicate enrolment,11,24,37.14
Paliganj,18-29,"2,272",Permanently shifted,643,"1,629",43.4
Paliganj,30-44,"4,092",Permanently shifted,"1,421","2,671",30.55
Paliganj,45-60,"2,840",Permanently shifted,"1,311","1,529",7.68
Paliganj,61-75,965,Permanently shifted,452,513,6.32
Paliganj,75+,256,Permanently shifted,125,131,2.34
Paliganj,18-29,27,Untraceable,12,15,11.11
Paliganj,30-44,45,Untraceable,25,20,-11.11
Paliganj,45-60,37,Untraceable,20,17,-8.11
Paliganj,61-75,18,Untraceable,9,9,0
Paliganj,75+,4,Untraceable,3,1,-50
Bikram,18-29,303,Deceased,174,129,-14.85
Bikram,30-44,"1,189",Deceased,655,534,-10.18
Bikram,45-60,"2,299",Deceased,"1,126","1,173",2.04
Bikram,61-75,"3,652",Deceased,"1,731","1,921",5.2
Bikram,75+,"2,790",Deceased,"1,320","1,470",5.38
Bikram,18-29,"1,005",Duplicate enrolment,608,397,-21
Bikram,30-44,"1,590",Duplicate enrolment,897,693,-12.83
Bikram,45-60,702,Duplicate enrolment,321,381,8.55
Bikram,61-75,237,Duplicate enrolment,107,130,9.7
Bikram,75+,63,Duplicate enrolment,31,32,1.59
Bikram,18-29,"2,358",Permanently shifted,544,"1,814",53.86
Bikram,30-44,"3,782",Permanently shifted,"1,192","2,590",36.96
Bikram,45-60,"2,407",Permanently shifted,"1,186","1,221",1.45
Bikram,61-75,842,Permanently shifted,380,462,9.74
Bikram,75+,188,Permanently shifted,84,104,10.64
Bikram,18-29,174,Untraceable,100,74,-14.94
Bikram,30-44,213,Untraceable,98,115,7.98
Bikram,45-60,132,Untraceable,68,64,-3.03
Bikram,61-75,58,Untraceable,31,27,-6.9
Bikram,75+,17,Untraceable,8,9,5.88
Sandesh,18-29,300,Deceased,131,169,12.67
Sandesh,30-44,"1,222",Deceased,661,561,-8.18
Sandesh,45-60,"2,310",Deceased,"1,078","1,232",6.67
Sandesh,61-75,"3,278",Deceased,"1,351","1,927",17.57
Sandesh,75+,"2,107",Deceased,893,"1,214",15.23
Sandesh,18-29,"1,112",Duplicate enrolment,514,598,7.55
Sandesh,30-44,"2,003",Duplicate enrolment,"1,179",824,-17.72
Sandesh,45-60,875,Duplicate enrolment,404,471,7.66
Sandesh,61-75,332,Duplicate enrolment,129,203,22.29
Sandesh,75+,61,Duplicate enrolment,22,39,27.87
Sandesh,18-29,"2,693",Permanently shifted,632,"2,061",53.06
Sandesh,30-44,"4,285",Permanently shifted,"1,707","2,578",20.33
Sandesh,45-60,"2,060",Permanently shifted,"1,011","1,049",1.84
Sandesh,61-75,709,Permanently shifted,327,382,7.76
Sandesh,75+,191,Permanently shifted,88,103,7.85
Sandesh,18-29,343,Untraceable,120,223,30.03
Sandesh,30-44,526,Untraceable,240,286,8.75
Sandesh,45-60,253,Untraceable,133,120,-5.14
Sandesh,61-75,93,Untraceable,39,54,16.13
Sandesh,75+,20,Untraceable,7,13,30
Barhara,18-29,266,Deceased,109,157,18.05
Barhara,30-44,"1,311",Deceased,693,618,-5.72
Barhara,45-60,"2,358",Deceased,"1,042","1,316",11.62
Barhara,61-75,"3,481",Deceased,"1,345","2,136",22.72
Barhara,75+,"2,342",Deceased,880,"1,462",24.85
Barhara,18-29,"1,164",Duplicate enrolment,505,659,13.23
Barhara,30-44,"1,820",Duplicate enrolment,"1,073",747,-17.91
Barhara,45-60,777,Duplicate enrolment,358,419,7.85
Barhara,61-75,274,Duplicate enrolment,115,159,16.06
Barhara,75+,59,Duplicate enrolment,24,35,18.64
Barhara,18-29,"2,588",Permanently shifted,664,"1,924",48.69
Barhara,30-44,"4,999",Permanently shifted,"2,192","2,807",12.3
Barhara,45-60,"2,702",Permanently shifted,"1,325","1,377",1.92
Barhara,61-75,998,Permanently shifted,455,543,8.82
Barhara,75+,226,Permanently shifted,91,135,19.47
Barhara,18-29,164,Untraceable,80,84,2.44
Barhara,30-44,437,Untraceable,247,190,-13.04
Barhara,45-60,249,Untraceable,141,108,-13.25
Barhara,61-75,96,Untraceable,43,53,10.42
Barhara,75+,29,Untraceable,7,22,51.72
Arrah,18-29,210,Deceased,123,87,-17.14
Arrah,30-44,"1,084",Deceased,666,418,-22.88
Arrah,45-60,"2,235",Deceased,"1,246",989,-11.5
Arrah,61-75,"3,920",Deceased,"1,952","1,968",0.41
Arrah,75+,"3,031",Deceased,"1,549","1,482",-2.21
Arrah,18-29,398,Duplicate enrolment,197,201,1.01
Arrah,30-44,825,Duplicate enrolment,511,314,-23.88
Arrah,45-60,378,Duplicate enrolment,187,191,1.06
Arrah,61-75,143,Duplicate enrolment,75,68,-4.9
Arrah,75+,29,Duplicate enrolment,14,15,3.45
Arrah,18-29,"1,933",Permanently shifted,671,"1,262",30.57
Arrah,30-44,"6,557",Permanently shifted,"2,964","3,593",9.59
Arrah,45-60,"4,118",Permanently shifted,"2,150","1,968",-4.42
Arrah,61-75,"1,646",Permanently shifted,878,768,-6.68
Arrah,75+,443,Permanently shifted,221,222,0.23
Arrah,18-29,178,Untraceable,95,83,-6.74
Arrah,30-44,555,Untraceable,331,224,-19.28
Arrah,45-60,329,Untraceable,177,152,-7.6
Arrah,61-75,152,Untraceable,92,60,-21.05
Arrah,75+,60,Untraceable,34,26,-13.33
Agiaon (SC),18-29,261,Deceased,121,140,7.28
Agiaon (SC),30-44,"1,032",Deceased,541,491,-4.84
Agiaon (SC),45-60,"1,920",Deceased,886,"1,034",7.71
Agiaon (SC),61-75,"3,260",Deceased,"1,387","1,873",14.91
Agiaon (SC),75+,"2,113",Deceased,916,"1,197",13.3
Agiaon (SC),18-29,522,Duplicate enrolment,281,241,-7.66
Agiaon (SC),30-44,"1,049",Duplicate enrolment,675,374,-28.69
Agiaon (SC),45-60,484,Duplicate enrolment,265,219,-9.5
Agiaon (SC),61-75,138,Duplicate enrolment,59,79,14.49
Agiaon (SC),75+,28,Duplicate enrolment,7,21,50
Agiaon (SC),18-29,"1,675",Permanently shifted,344,"1,331",58.93
Agiaon (SC),30-44,"3,031",Permanently shifted,"1,296","1,735",14.48
Agiaon (SC),45-60,"1,696",Permanently shifted,870,826,-2.59
Agiaon (SC),61-75,621,Permanently shifted,306,315,1.45
Agiaon (SC),75+,145,Permanently shifted,68,77,6.21
Agiaon (SC),18-29,377,Untraceable,132,245,29.97
Agiaon (SC),30-44,864,Untraceable,409,455,5.32
Agiaon (SC),45-60,568,Untraceable,280,288,1.41
Agiaon (SC),61-75,210,Untraceable,104,106,0.95
Agiaon (SC),75+,55,Untraceable,27,28,1.82
Tarari,18-29,280,Deceased,123,157,12.14
Tarari,30-44,"1,168",Deceased,596,572,-2.05
Tarari,45-60,"2,332",Deceased,"1,059","1,273",9.18
Tarari,61-75,"3,549",Deceased,"1,422","2,127",19.86
Tarari,75+,"2,411",Deceased,"1,022","1,389",15.22
Tarari,18-29,"1,055",Duplicate enrolment,584,471,-10.71
Tarari,30-44,"1,892",Duplicate enrolment,"1,146",746,-21.14
Tarari,45-60,926,Duplicate enrolment,459,467,0.86
Tarari,61-75,333,Duplicate enrolment,143,190,14.11
Tarari,75+,71,Duplicate enrolment,25,46,29.58
Tarari,18-29,"3,909",Permanently shifted,890,"3,019",54.46
Tarari,30-44,"5,756",Permanently shifted,"2,292","3,464",20.36
Tarari,45-60,"3,249",Permanently shifted,"1,565","1,684",3.66
Tarari,61-75,"1,163",Permanently shifted,529,634,9.03
Tarari,75+,354,Permanently shifted,156,198,11.86
Tarari,18-29,649,Untraceable,261,388,19.57
Tarari,30-44,"1,103",Untraceable,492,611,10.79
Tarari,45-60,665,Untraceable,335,330,-0.75
Tarari,61-75,225,Untraceable,86,139,23.56
Tarari,75+,56,Untraceable,13,43,53.57
Jagdishpur,18-29,320,Deceased,163,157,-1.88
Jagdishpur,30-44,"1,331",Deceased,653,678,1.88
Jagdishpur,45-60,"2,366",Deceased,"1,071","1,295",9.47
Jagdishpur,61-75,"3,705",Deceased,"1,534","2,171",17.19
Jagdishpur,75+,"2,691",Deceased,"1,158","1,533",13.94
Jagdishpur,18-29,"1,088",Duplicate enrolment,533,555,2.02
Jagdishpur,30-44,"1,661",Duplicate enrolment,941,720,-13.31
Jagdishpur,45-60,697,Duplicate enrolment,329,368,5.6
Jagdishpur,61-75,231,Duplicate enrolment,97,134,16.02
Jagdishpur,75+,47,Duplicate enrolment,17,30,27.66
Jagdishpur,18-29,"3,033",Permanently shifted,777,"2,256",48.76
Jagdishpur,30-44,"4,307",Permanently shifted,"1,745","2,562",18.97
Jagdishpur,45-60,"2,472",Permanently shifted,"1,198","1,274",3.07
Jagdishpur,61-75,869,Permanently shifted,416,453,4.26
Jagdishpur,75+,216,Permanently shifted,90,126,16.67
Jagdishpur,18-29,905,Untraceable,383,522,15.36
Jagdishpur,30-44,"1,297",Untraceable,634,663,2.24
Jagdishpur,45-60,776,Untraceable,376,400,3.09
Jagdishpur,61-75,315,Untraceable,124,191,21.27
Jagdishpur,75+,117,Untraceable,47,70,19.66
Shahpur,18-29,293,Deceased,163,130,-11.26
Shahpur,30-44,"1,191",Deceased,690,501,-15.87
Shahpur,45-60,"2,554",Deceased,"1,247","1,307",2.35
Shahpur,61-75,"4,197",Deceased,"1,915","2,282",8.74
Shahpur,75+,"3,551",Deceased,"1,572","1,979",11.46
Shahpur,18-29,809,Duplicate enrolment,379,430,6.3
Shahpur,30-44,"1,649",Duplicate enrolment,"1,024",625,-24.2
Shahpur,45-60,895,Duplicate enrolment,437,458,2.35
Shahpur,61-75,411,Duplicate enrolment,183,228,10.95
Shahpur,75+,98,Duplicate enrolment,47,51,4.08
Shahpur,18-29,"2,714",Permanently shifted,721,"1,993",46.87
Shahpur,30-44,"4,896",Permanently shifted,"2,215","2,681",9.52
Shahpur,45-60,"2,981",Permanently shifted,"1,550","1,431",-3.99
Shahpur,61-75,"1,254",Permanently shifted,617,637,1.59
Shahpur,75+,369,Permanently shifted,157,212,14.91
Shahpur,18-29,753,Untraceable,323,430,14.21
Shahpur,30-44,"1,355",Untraceable,727,628,-7.31
Shahpur,45-60,836,Untraceable,384,452,8.13
Shahpur,61-75,356,Untraceable,156,200,12.36
Shahpur,75+,156,Untraceable,66,90,15.38
Brahampur,18-29,233,Deceased,109,124,6.44
Brahampur,30-44,"1,022",Deceased,490,532,4.11
Brahampur,45-60,"2,150",Deceased,934,"1,216",13.12
Brahampur,61-75,"3,274",Deceased,"1,304","1,970",20.34
Brahampur,75+,"2,195",Deceased,923,"1,272",15.9
Brahampur,18-29,428,Duplicate enrolment,202,226,5.61
Brahampur,30-44,687,Duplicate enrolment,356,331,-3.64
Brahampur,45-60,348,Duplicate enrolment,135,213,22.41
Brahampur,61-75,106,Duplicate enrolment,40,66,24.53
Brahampur,75+,28,Duplicate enrolment,10,18,28.57
Brahampur,18-29,"3,139",Permanently shifted,700,"2,439",55.4
Brahampur,30-44,"5,365",Permanently shifted,"1,926","3,439",28.2
Brahampur,45-60,"2,508",Permanently shifted,"1,212","1,296",3.35
Brahampur,61-75,933,Permanently shifted,378,555,18.97
Brahampur,75+,258,Permanently shifted,116,142,10.08
Brahampur,18-29,439,Untraceable,215,224,2.05
Brahampur,30-44,719,Untraceable,384,335,-6.82
Brahampur,45-60,460,Untraceable,235,225,-2.17
Brahampur,61-75,170,Untraceable,85,85,0
Brahampur,75+,46,Untraceable,21,25,8.7
Buxar,18-29,181,Deceased,88,93,2.76
Buxar,30-44,667,Deceased,298,369,10.64
Buxar,45-60,"1,389",Deceased,564,825,18.79
Buxar,61-75,"2,219",Deceased,868,"1,351",21.77
Buxar,75+,"1,702",Deceased,678,"1,024",20.33
Buxar,18-29,577,Duplicate enrolment,238,339,17.5
Buxar,30-44,642,Duplicate enrolment,326,316,-1.56
Buxar,45-60,266,Duplicate enrolment,94,172,29.32
Buxar,61-75,94,Duplicate enrolment,33,61,29.79
Buxar,75+,27,Duplicate enrolment,12,15,11.11
Buxar,18-29,"3,482",Permanently shifted,746,"2,736",57.15
Buxar,30-44,"6,916",Permanently shifted,"2,557","4,359",26.06
Buxar,45-60,"3,792",Permanently shifted,"1,926","1,866",-1.58
Buxar,61-75,"1,352",Permanently shifted,663,689,1.92
Buxar,75+,410,Permanently shifted,181,229,11.71
Buxar,18-29,376,Untraceable,158,218,15.96
Buxar,30-44,707,Untraceable,317,390,10.33
Buxar,45-60,519,Untraceable,268,251,-3.28
Buxar,61-75,183,Untraceable,88,95,3.83
Buxar,75+,55,Untraceable,25,30,9.09
Dumraon,18-29,256,Deceased,101,155,21.09
Dumraon,30-44,"1,115",Deceased,540,575,3.14
Dumraon,45-60,"2,245",Deceased,938,"1,307",16.44
Dumraon,61-75,"3,528",Deceased,"1,467","2,061",16.84
Dumraon,75+,"1,834",Deceased,790,"1,044",13.85
Dumraon,18-29,640,Duplicate enrolment,309,331,3.44
Dumraon,30-44,998,Duplicate enrolment,553,445,-10.82
Dumraon,45-60,508,Duplicate enrolment,222,286,12.6
Dumraon,61-75,170,Duplicate enrolment,75,95,11.76
Dumraon,75+,35,Duplicate enrolment,12,23,31.43
Dumraon,18-29,"2,561",Permanently shifted,481,"2,080",62.44
Dumraon,30-44,"3,945",Permanently shifted,"1,386","2,559",29.73
Dumraon,45-60,"1,727",Permanently shifted,864,863,-0.06
Dumraon,61-75,585,Permanently shifted,251,334,14.19
Dumraon,75+,137,Permanently shifted,61,76,10.95
Dumraon,18-29,337,Untraceable,158,179,6.23
Dumraon,30-44,536,Untraceable,271,265,-1.12
Dumraon,45-60,283,Untraceable,141,142,0.35
Dumraon,61-75,89,Untraceable,36,53,19.1
Dumraon,75+,31,Untraceable,12,19,22.58
Rajpur (SC),18-29,205,Deceased,83,122,19.02
Rajpur (SC),30-44,817,Deceased,352,465,13.83
Rajpur (SC),45-60,"1,696",Deceased,618,"1,078",27.12
Rajpur (SC),61-75,"2,757",Deceased,994,"1,763",27.89
Rajpur (SC),75+,"2,073",Deceased,797,"1,276",23.11
Rajpur (SC),18-29,655,Duplicate enrolment,272,383,16.95
Rajpur (SC),30-44,740,Duplicate enrolment,378,362,-2.16
Rajpur (SC),45-60,298,Duplicate enrolment,140,158,6.04
Rajpur (SC),61-75,105,Duplicate enrolment,34,71,35.24
Rajpur (SC),75+,24,Duplicate enrolment,14,10,-16.67
Rajpur (SC),18-29,"1,676",Permanently shifted,231,"1,445",72.43
Rajpur (SC),30-44,"2,326",Permanently shifted,651,"1,675",44.02
Rajpur (SC),45-60,920,Permanently shifted,414,506,10
Rajpur (SC),61-75,302,Permanently shifted,146,156,3.31
Rajpur (SC),75+,76,Permanently shifted,32,44,15.79
Rajpur (SC),18-29,326,Untraceable,139,187,14.72
Rajpur (SC),30-44,530,Untraceable,267,263,-0.75
Rajpur (SC),45-60,269,Untraceable,138,131,-2.6
Rajpur (SC),61-75,124,Untraceable,55,69,11.29
Rajpur (SC),75+,47,Untraceable,18,29,23.4
Ramgarh,18-29,230,Deceased,96,134,16.52
Ramgarh,30-44,674,Deceased,275,399,18.4
Ramgarh,45-60,"1,296",Deceased,554,742,14.51
Ramgarh,61-75,"2,302",Deceased,950,"1,352",17.46
Ramgarh,75+,"1,812",Deceased,747,"1,065",17.55
Ramgarh,18-29,542,Duplicate enrolment,312,230,-15.13
Ramgarh,30-44,618,Duplicate enrolment,314,304,-1.62
Ramgarh,45-60,227,Duplicate enrolment,106,121,6.61
Ramgarh,61-75,77,Duplicate enrolment,40,37,-3.9
Ramgarh,75+,18,Duplicate enrolment,6,12,33.33
Ramgarh,18-29,"3,051",Permanently shifted,465,"2,586",69.52
Ramgarh,30-44,"3,178",Permanently shifted,964,"2,214",39.33
Ramgarh,45-60,"1,615",Permanently shifted,755,860,6.5
Ramgarh,61-75,566,Permanently shifted,253,313,10.6
Ramgarh,75+,169,Permanently shifted,73,96,13.61
Ramgarh,18-29,472,Untraceable,191,281,19.07
Ramgarh,30-44,615,Untraceable,273,342,11.22
Ramgarh,45-60,361,Untraceable,177,184,1.94
Ramgarh,61-75,129,Untraceable,53,76,17.83
Ramgarh,75+,37,Untraceable,14,23,24.32
Mohania (SC),18-29,207,Deceased,87,120,15.94
Mohania (SC),30-44,618,Deceased,228,390,26.21
Mohania (SC),45-60,"1,385",Deceased,552,833,20.29
Mohania (SC),61-75,"2,116",Deceased,779,"1,337",26.37
Mohania (SC),75+,"1,240",Deceased,471,769,24.03
Mohania (SC),18-29,439,Duplicate enrolment,253,186,-15.26
Mohania (SC),30-44,597,Duplicate enrolment,313,284,-4.86
Mohania (SC),45-60,166,Duplicate enrolment,69,97,16.87
Mohania (SC),61-75,56,Duplicate enrolment,23,33,17.86
Mohania (SC),75+,7,Duplicate enrolment,3,4,14.29
Mohania (SC),18-29,"3,486",Permanently shifted,492,"2,994",71.77
Mohania (SC),30-44,"4,145",Permanently shifted,"1,473","2,672",28.93
Mohania (SC),45-60,"2,683",Permanently shifted,"1,289","1,394",3.91
Mohania (SC),61-75,930,Permanently shifted,449,481,3.44
Mohania (SC),75+,207,Permanently shifted,91,116,12.08
Mohania (SC),18-29,100,Untraceable,36,64,28
Mohania (SC),30-44,154,Untraceable,76,78,1.3
Mohania (SC),45-60,84,Untraceable,36,48,14.29
Mohania (SC),61-75,37,Untraceable,18,19,2.7
Mohania (SC),75+,9,Untraceable,3,6,33.33
Bhabua,18-29,241,Deceased,98,143,18.67
Bhabua,30-44,595,Deceased,219,376,26.39
Bhabua,45-60,"1,012",Deceased,446,566,11.86
Bhabua,61-75,"1,847",Deceased,758,"1,089",17.92
Bhabua,75+,"1,675",Deceased,645,"1,030",22.99
Bhabua,18-29,478,Duplicate enrolment,230,248,3.77
Bhabua,30-44,427,Duplicate enrolment,213,214,0.23
Bhabua,45-60,195,Duplicate enrolment,89,106,8.72
Bhabua,61-75,70,Duplicate enrolment,27,43,22.86
Bhabua,75+,20,Duplicate enrolment,3,17,70
Bhabua,18-29,"3,006",Permanently shifted,516,"2,490",65.67
Bhabua,30-44,"3,135",Permanently shifted,"1,168","1,967",25.49
Bhabua,45-60,"2,560",Permanently shifted,"1,273","1,287",0.55
Bhabua,61-75,962,Permanently shifted,438,524,8.94
Bhabua,75+,260,Permanently shifted,122,138,6.15
Bhabua,18-29,76,Untraceable,31,45,18.42
Bhabua,30-44,85,Untraceable,41,44,3.53
Bhabua,45-60,57,Untraceable,30,27,-5.26
Bhabua,61-75,25,Untraceable,13,12,-4
Bhabua,75+,4,Untraceable,1,3,50
Chainpur,18-29,354,Deceased,146,208,17.51
Chainpur,30-44,812,Deceased,349,463,14.04
Chainpur,45-60,"1,439",Deceased,641,798,10.91
Chainpur,61-75,"2,509",Deceased,"1,075","1,434",14.31
Chainpur,75+,"2,387",Deceased,991,"1,396",16.97
Chainpur,18-29,643,Duplicate enrolment,371,272,-15.4
Chainpur,30-44,579,Duplicate enrolment,295,284,-1.9
Chainpur,45-60,237,Duplicate enrolment,100,137,15.61
Chainpur,61-75,101,Duplicate enrolment,53,48,-4.95
Chainpur,75+,34,Duplicate enrolment,14,20,17.65
Chainpur,18-29,"3,135",Permanently shifted,643,"2,492",58.98
Chainpur,30-44,"3,458",Permanently shifted,"1,335","2,123",22.79
Chainpur,45-60,"2,313",Permanently shifted,"1,187","1,126",-2.64
Chainpur,61-75,873,Permanently shifted,437,436,-0.11
Chainpur,75+,233,Permanently shifted,103,130,11.59
Chainpur,18-29,438,Untraceable,210,228,4.11
Chainpur,30-44,464,Untraceable,219,245,5.6
Chainpur,45-60,315,Untraceable,155,160,1.59
Chainpur,61-75,158,Untraceable,68,90,13.92
Chainpur,75+,44,Untraceable,14,30,36.36
Chenari (SC),18-29,316,Deceased,145,171,8.23
Chenari (SC),30-44,"1,153",Deceased,583,570,-1.13
Chenari (SC),45-60,"2,548",Deceased,"1,201","1,347",5.73
Chenari (SC),61-75,"3,842",Deceased,"1,668","2,174",13.17
Chenari (SC),75+,"2,838",Deceased,"1,160","1,678",18.25
Chenari (SC),18-29,867,Duplicate enrolment,461,406,-6.34
Chenari (SC),30-44,"1,354",Duplicate enrolment,725,629,-7.09
Chenari (SC),45-60,446,Duplicate enrolment,197,249,11.66
Chenari (SC),61-75,132,Duplicate enrolment,53,79,19.7
Chenari (SC),75+,28,Duplicate enrolment,11,17,21.43
Chenari (SC),18-29,"3,311",Permanently shifted,715,"2,596",56.81
Chenari (SC),30-44,"3,740",Permanently shifted,"1,295","2,445",30.75
Chenari (SC),45-60,"2,191",Permanently shifted,"1,088","1,103",0.68
Chenari (SC),61-75,676,Permanently shifted,307,369,9.17
Chenari (SC),75+,170,Permanently shifted,73,97,14.12
Chenari (SC),18-29,665,Untraceable,352,313,-5.86
Chenari (SC),30-44,662,Untraceable,307,355,7.25
Chenari (SC),45-60,379,Untraceable,185,194,2.37
Chenari (SC),61-75,130,Untraceable,63,67,3.08
Chenari (SC),75+,31,Untraceable,7,24,54.84
Sasaram,18-29,318,Deceased,167,151,-5.03
Sasaram,30-44,"1,338",Deceased,758,580,-13.3
Sasaram,45-60,"2,744",Deceased,"1,441","1,303",-5.03
Sasaram,61-75,"3,862",Deceased,"1,837","2,025",4.87
Sasaram,75+,"2,943",Deceased,"1,411","1,532",4.11
Sasaram,18-29,917,Duplicate enrolment,490,427,-6.87
Sasaram,30-44,"1,400",Duplicate enrolment,760,640,-8.57
Sasaram,45-60,582,Duplicate enrolment,275,307,5.5
Sasaram,61-75,170,Duplicate enrolment,75,95,11.76
Sasaram,75+,40,Duplicate enrolment,16,24,20
Sasaram,18-29,"2,691",Permanently shifted,706,"1,985",47.53
Sasaram,30-44,"4,412",Permanently shifted,"1,712","2,700",22.39
Sasaram,45-60,"2,689",Permanently shifted,"1,390","1,299",-3.38
Sasaram,61-75,836,Permanently shifted,403,433,3.59
Sasaram,75+,201,Permanently shifted,88,113,12.44
Sasaram,18-29,455,Untraceable,223,232,1.98
Sasaram,30-44,659,Untraceable,324,335,1.67
Sasaram,45-60,425,Untraceable,216,209,-1.65
Sasaram,61-75,134,Untraceable,73,61,-8.96
Sasaram,75+,39,Untraceable,23,16,-17.95
Kargahar,18-29,266,Deceased,118,148,11.28
Kargahar,30-44,833,Deceased,393,440,5.64
Kargahar,45-60,"1,921",Deceased,805,"1,116",16.19
Kargahar,61-75,"2,958",Deceased,"1,195","1,763",19.2
Kargahar,75+,"2,116",Deceased,941,"1,175",11.06
Kargahar,18-29,"1,076",Duplicate enrolment,540,536,-0.37
Kargahar,30-44,"1,104",Duplicate enrolment,585,519,-5.98
Kargahar,45-60,468,Duplicate enrolment,200,268,14.53
Kargahar,61-75,131,Duplicate enrolment,61,70,6.87
Kargahar,75+,31,Duplicate enrolment,15,16,3.23
Kargahar,18-29,"4,081",Permanently shifted,832,"3,249",59.23
Kargahar,30-44,"4,316",Permanently shifted,"1,638","2,678",24.1
Kargahar,45-60,"2,928",Permanently shifted,"1,420","1,508",3.01
Kargahar,61-75,985,Permanently shifted,454,531,7.82
Kargahar,75+,286,Permanently shifted,125,161,12.59
Kargahar,18-29,753,Untraceable,328,425,12.88
Kargahar,30-44,794,Untraceable,371,423,6.55
Kargahar,45-60,537,Untraceable,247,290,8.01
Kargahar,61-75,186,Untraceable,80,106,13.98
Kargahar,75+,47,Untraceable,17,30,27.66
Dinara,18-29,288,Deceased,116,172,19.44
Dinara,30-44,873,Deceased,405,468,7.22
Dinara,45-60,"2,187",Deceased,953,"1,234",12.85
Dinara,61-75,"3,262",Deceased,"1,366","1,896",16.25
Dinara,75+,"2,437",Deceased,"1,077","1,360",11.61
Dinara,18-29,642,Duplicate enrolment,375,267,-16.82
Dinara,30-44,907,Duplicate enrolment,525,382,-15.77
Dinara,45-60,338,Duplicate enrolment,165,173,2.37
Dinara,61-75,93,Duplicate enrolment,37,56,20.43
Dinara,75+,23,Duplicate enrolment,15,8,-30.43
Dinara,18-29,"1,838",Permanently shifted,330,"1,508",64.09
Dinara,30-44,"2,065",Permanently shifted,734,"1,331",28.91
Dinara,45-60,"1,490",Permanently shifted,738,752,0.94
Dinara,61-75,509,Permanently shifted,250,259,1.77
Dinara,75+,142,Permanently shifted,68,74,4.23
Dinara,18-29,162,Untraceable,98,64,-20.99
Dinara,30-44,177,Untraceable,93,84,-5.08
Dinara,45-60,122,Untraceable,68,54,-11.48
Dinara,61-75,50,Untraceable,25,25,0
Dinara,75+,12,Untraceable,6,6,0
Nokha,18-29,260,Deceased,122,138,6.15
Nokha,30-44,872,Deceased,415,457,4.82
Nokha,45-60,"2,040",Deceased,870,"1,170",14.71
Nokha,61-75,"3,427",Deceased,"1,321","2,106",22.91
Nokha,75+,"2,129",Deceased,772,"1,357",27.48
Nokha,18-29,644,Duplicate enrolment,321,323,0.31
Nokha,30-44,908,Duplicate enrolment,524,384,-15.42
Nokha,45-60,307,Duplicate enrolment,136,171,11.4
Nokha,61-75,100,Duplicate enrolment,47,53,6
Nokha,75+,23,Duplicate enrolment,6,17,47.83
Nokha,18-29,"1,855",Permanently shifted,360,"1,495",61.19
Nokha,30-44,"2,156",Permanently shifted,779,"1,377",27.74
Nokha,45-60,"1,466",Permanently shifted,705,761,3.82
Nokha,61-75,488,Permanently shifted,235,253,3.69
Nokha,75+,136,Permanently shifted,62,74,8.82
Nokha,18-29,334,Untraceable,163,171,2.4
Nokha,30-44,419,Untraceable,205,214,2.15
Nokha,45-60,246,Untraceable,113,133,8.13
Nokha,61-75,81,Untraceable,32,49,20.99
Nokha,75+,27,Untraceable,7,20,48.15
Dehri,18-29,177,Deceased,82,95,7.34
Dehri,30-44,821,Deceased,439,382,-6.94
Dehri,45-60,"1,870",Deceased,897,973,4.06
Dehri,61-75,"2,598",Deceased,"1,162","1,436",10.55
Dehri,75+,"1,991",Deceased,852,"1,139",14.41
Dehri,18-29,604,Duplicate enrolment,309,295,-2.32
Dehri,30-44,983,Duplicate enrolment,524,459,-6.61
Dehri,45-60,358,Duplicate enrolment,162,196,9.5
Dehri,61-75,124,Duplicate enrolment,62,62,0
Dehri,75+,25,Duplicate enrolment,12,13,4
Dehri,18-29,"1,483",Permanently shifted,299,"1,184",59.68
Dehri,30-44,"3,042",Permanently shifted,"1,175","1,867",22.75
Dehri,45-60,"1,979",Permanently shifted,"1,014",965,-2.48
Dehri,61-75,620,Permanently shifted,315,305,-1.61
Dehri,75+,171,Permanently shifted,87,84,-1.75
Dehri,18-29,87,Untraceable,36,51,17.24
Dehri,30-44,212,Untraceable,84,128,20.75
Dehri,45-60,140,Untraceable,74,66,-5.71
Dehri,61-75,42,Untraceable,21,21,0
Dehri,75+,15,Untraceable,5,10,33.33
Karakat,18-29,324,Deceased,141,183,12.96
Karakat,30-44,964,Deceased,467,497,3.11
Karakat,45-60,"2,400",Deceased,"1,077","1,323",10.25
Karakat,61-75,"3,847",Deceased,"1,605","2,242",16.56
Karakat,75+,"2,562",Deceased,"1,148","1,414",10.38
Karakat,18-29,812,Duplicate enrolment,423,389,-4.19
Karakat,30-44,"1,155",Duplicate enrolment,624,531,-8.05
Karakat,45-60,474,Duplicate enrolment,213,261,10.13
Karakat,61-75,155,Duplicate enrolment,71,84,8.39
Karakat,75+,25,Duplicate enrolment,11,14,12
Karakat,18-29,"1,895",Permanently shifted,309,"1,586",67.39
Karakat,30-44,"3,094",Permanently shifted,"1,181","1,913",23.66
Karakat,45-60,"2,664",Permanently shifted,"1,352","1,312",-1.5
Karakat,61-75,874,Permanently shifted,422,452,3.43
Karakat,75+,235,Permanently shifted,121,114,-2.98
Karakat,18-29,676,Untraceable,277,399,18.05
Karakat,30-44,"1,252",Untraceable,548,704,12.46
Karakat,45-60,982,Untraceable,510,472,-3.87
Karakat,61-75,399,Untraceable,178,221,10.78
Karakat,75+,173,Untraceable,75,98,13.29
Arwal,18-29,167,Deceased,87,80,-4.19
Arwal,30-44,920,Deceased,437,483,5
Arwal,45-60,"1,668",Deceased,681,987,18.35
Arwal,61-75,"2,342",Deceased,953,"1,389",18.62
Arwal,75+,"1,309",Deceased,518,791,20.86
Arwal,18-29,458,Duplicate enrolment,251,207,-9.61
Arwal,30-44,"1,186",Duplicate enrolment,644,542,-8.6
Arwal,45-60,440,Duplicate enrolment,210,230,4.55
Arwal,61-75,123,Duplicate enrolment,58,65,5.69
Arwal,75+,54,Duplicate enrolment,20,34,25.93
Arwal,18-29,"1,310",Permanently shifted,230,"1,080",64.89
Arwal,30-44,"2,863",Permanently shifted,951,"1,912",33.57
Arwal,45-60,"1,351",Permanently shifted,611,740,9.55
Arwal,61-75,420,Permanently shifted,170,250,19.05
Arwal,75+,93,Permanently shifted,31,62,33.33
Arwal,18-29,66,Untraceable,29,37,12.12
Arwal,30-44,190,Untraceable,98,92,-3.16
Arwal,45-60,91,Untraceable,42,49,7.69
Arwal,61-75,37,Untraceable,18,19,2.7
Arwal,75+,11,Untraceable,6,5,-9.09
Kurtha,18-29,165,Deceased,82,83,0.61
Kurtha,30-44,828,Deceased,406,422,1.93
Kurtha,45-60,"1,548",Deceased,660,888,14.73
Kurtha,61-75,"2,238",Deceased,953,"1,285",14.83
Kurtha,75+,"1,492",Deceased,650,842,12.87
Kurtha,18-29,572,Duplicate enrolment,334,238,-16.78
Kurtha,30-44,"1,283",Duplicate enrolment,680,603,-6
Kurtha,45-60,427,Duplicate enrolment,216,211,-1.17
Kurtha,61-75,136,Duplicate enrolment,53,83,22.06
Kurtha,75+,34,Duplicate enrolment,10,24,41.18
Kurtha,18-29,"1,235",Permanently shifted,229,"1,006",62.91
Kurtha,30-44,"2,695",Permanently shifted,820,"1,875",39.15
Kurtha,45-60,"1,407",Permanently shifted,610,797,13.29
Kurtha,61-75,425,Permanently shifted,197,228,7.29
Kurtha,75+,105,Permanently shifted,39,66,25.71
Kurtha,18-29,103,Untraceable,55,48,-6.8
Kurtha,30-44,185,Untraceable,91,94,1.62
Kurtha,45-60,117,Untraceable,47,70,19.66
Kurtha,61-75,58,Untraceable,31,27,-6.9
Kurtha,75+,13,Untraceable,4,9,38.46
Jehanabad,18-29,182,Deceased,97,85,-6.59
Jehanabad,30-44,694,Deceased,371,323,-6.92
Jehanabad,45-60,"1,815",Deceased,878,937,3.25
Jehanabad,61-75,"2,349",Deceased,"1,154","1,195",1.75
Jehanabad,75+,"1,670",Deceased,754,916,9.7
Jehanabad,18-29,408,Duplicate enrolment,241,167,-18.14
Jehanabad,30-44,657,Duplicate enrolment,390,267,-18.72
Jehanabad,45-60,436,Duplicate enrolment,213,223,2.29
Jehanabad,61-75,126,Duplicate enrolment,55,71,12.7
Jehanabad,75+,39,Duplicate enrolment,21,18,-7.69
Jehanabad,18-29,"1,294",Permanently shifted,369,925,42.97
Jehanabad,30-44,"3,616",Permanently shifted,"1,278","2,338",29.31
Jehanabad,45-60,"3,040",Permanently shifted,"1,477","1,563",2.83
Jehanabad,61-75,870,Permanently shifted,446,424,-2.53
Jehanabad,75+,224,Permanently shifted,107,117,4.46
Jehanabad,18-29,530,Untraceable,241,289,9.06
Jehanabad,30-44,"1,329",Untraceable,666,663,-0.23
Jehanabad,45-60,"1,081",Untraceable,506,575,6.38
Jehanabad,61-75,383,Untraceable,181,202,5.48
Jehanabad,75+,123,Untraceable,43,80,30.08
Ghosi,18-29,162,Deceased,82,80,-1.23
Ghosi,30-44,663,Deceased,339,324,-2.26
Ghosi,45-60,"1,380",Deceased,652,728,5.51
Ghosi,61-75,"1,942",Deceased,"1,002",940,-3.19
Ghosi,75+,"1,465",Deceased,734,731,-0.2
Ghosi,18-29,369,Duplicate enrolment,220,149,-19.24
Ghosi,30-44,775,Duplicate enrolment,444,331,-14.58
Ghosi,45-60,435,Duplicate enrolment,217,218,0.23
Ghosi,61-75,114,Duplicate enrolment,52,62,8.77
Ghosi,75+,26,Duplicate enrolment,10,16,23.08
Ghosi,18-29,"1,241",Permanently shifted,373,868,39.89
Ghosi,30-44,"2,913",Permanently shifted,"1,066","1,847",26.81
Ghosi,45-60,"2,554",Permanently shifted,"1,190","1,364",6.81
Ghosi,61-75,809,Permanently shifted,418,391,-3.34
Ghosi,75+,180,Permanently shifted,79,101,12.22
Ghosi,18-29,545,Untraceable,264,281,3.12
Ghosi,30-44,"1,244",Untraceable,597,647,4.02
Ghosi,45-60,932,Untraceable,472,460,-1.29
Ghosi,61-75,350,Untraceable,172,178,1.71
Ghosi,75+,100,Untraceable,52,48,-4
Makhdumpur (SC),18-29,146,Deceased,78,68,-6.85
Makhdumpur (SC),30-44,632,Deceased,354,278,-12.03
Makhdumpur (SC),45-60,"1,307",Deceased,637,670,2.52
Makhdumpur (SC),61-75,"1,801",Deceased,878,923,2.5
Makhdumpur (SC),75+,"1,349",Deceased,610,739,9.56
Makhdumpur (SC),18-29,381,Duplicate enrolment,229,152,-20.21
Makhdumpur (SC),30-44,572,Duplicate enrolment,323,249,-12.94
Makhdumpur (SC),45-60,328,Duplicate enrolment,163,165,0.61
Makhdumpur (SC),61-75,103,Duplicate enrolment,55,48,-6.8
Makhdumpur (SC),75+,20,Duplicate enrolment,7,13,30
Makhdumpur (SC),18-29,"1,012",Permanently shifted,251,761,50.4
Makhdumpur (SC),30-44,"2,430",Permanently shifted,959,"1,471",21.07
Makhdumpur (SC),45-60,"1,969",Permanently shifted,936,"1,033",4.93
Makhdumpur (SC),61-75,554,Permanently shifted,272,282,1.81
Makhdumpur (SC),75+,157,Permanently shifted,79,78,-0.64
Makhdumpur (SC),18-29,252,Untraceable,124,128,1.59
Makhdumpur (SC),30-44,471,Untraceable,230,241,2.34
Makhdumpur (SC),45-60,338,Untraceable,180,158,-6.51
Makhdumpur (SC),61-75,112,Untraceable,46,66,17.86
Makhdumpur (SC),75+,40,Untraceable,18,22,10
Goh,18-29,262,Deceased,110,152,16.03
Goh,30-44,852,Deceased,352,500,17.37
Goh,45-60,"1,848",Deceased,731,"1,117",20.89
Goh,61-75,"2,979",Deceased,"1,203","1,776",19.23
Goh,75+,"2,044",Deceased,809,"1,235",20.84
Goh,18-29,794,Duplicate enrolment,427,367,-7.56
Goh,30-44,"1,226",Duplicate enrolment,653,573,-6.53
Goh,45-60,597,Duplicate enrolment,282,315,5.53
Goh,61-75,183,Duplicate enrolment,78,105,14.75
Goh,75+,37,Duplicate enrolment,12,25,35.14
Goh,18-29,"2,287",Permanently shifted,480,"1,807",58.02
Goh,30-44,"3,439",Permanently shifted,"1,293","2,146",24.8
Goh,45-60,"2,949",Permanently shifted,"1,386","1,563",6
Goh,61-75,987,Permanently shifted,462,525,6.38
Goh,75+,245,Permanently shifted,89,156,27.35
Goh,18-29,747,Untraceable,325,422,12.99
Goh,30-44,"1,112",Untraceable,505,607,9.17
Goh,45-60,933,Untraceable,453,480,2.89
Goh,61-75,344,Untraceable,155,189,9.88
Goh,75+,97,Untraceable,35,62,27.84
Obra,18-29,293,Deceased,137,156,6.48
Obra,30-44,"1,194",Deceased,576,618,3.52
Obra,45-60,"2,612",Deceased,"1,193","1,419",8.65
Obra,61-75,"4,452",Deceased,"1,941","2,511",12.8
Obra,75+,"3,376",Deceased,"1,441","1,935",14.63
Obra,18-29,870,Duplicate enrolment,500,370,-14.94
Obra,30-44,"1,616",Duplicate enrolment,919,697,-13.74
Obra,45-60,727,Duplicate enrolment,350,377,3.71
Obra,61-75,230,Duplicate enrolment,99,131,13.91
Obra,75+,44,Duplicate enrolment,12,32,45.45
Obra,18-29,"2,401",Permanently shifted,683,"1,718",43.11
Obra,30-44,"3,993",Permanently shifted,"1,421","2,572",28.83
Obra,45-60,"2,817",Permanently shifted,"1,372","1,445",2.59
Obra,61-75,859,Permanently shifted,422,437,1.75
Obra,75+,222,Permanently shifted,97,125,12.61
Obra,18-29,"1,017",Untraceable,488,529,4.03
Obra,30-44,"1,448",Untraceable,684,764,5.52
Obra,45-60,869,Untraceable,454,415,-4.49
Obra,61-75,332,Untraceable,140,192,15.66
Obra,75+,109,Untraceable,40,69,26.61
Nabinagar,18-29,255,Deceased,119,136,6.67
Nabinagar,30-44,915,Deceased,421,494,7.98
Nabinagar,45-60,"1,885",Deceased,813,"1,072",13.74
Nabinagar,61-75,"3,177",Deceased,"1,316","1,861",17.15
Nabinagar,75+,"2,386",Deceased,959,"1,427",19.61
Nabinagar,18-29,922,Duplicate enrolment,473,449,-2.6
Nabinagar,30-44,"1,400",Duplicate enrolment,750,650,-7.14
Nabinagar,45-60,672,Duplicate enrolment,325,347,3.27
Nabinagar,61-75,199,Duplicate enrolment,82,117,17.59
Nabinagar,75+,45,Duplicate enrolment,18,27,20
Nabinagar,18-29,"2,916",Permanently shifted,804,"2,112",44.86
Nabinagar,30-44,"3,845",Permanently shifted,"1,513","2,332",21.3
Nabinagar,45-60,"2,485",Permanently shifted,"1,218","1,267",1.97
Nabinagar,61-75,884,Permanently shifted,405,479,8.37
Nabinagar,75+,208,Permanently shifted,95,113,8.65
Nabinagar,18-29,643,Untraceable,281,362,12.6
Nabinagar,30-44,814,Untraceable,379,435,6.88
Nabinagar,45-60,562,Untraceable,271,291,3.56
Nabinagar,61-75,167,Untraceable,77,90,7.78
Nabinagar,75+,50,Untraceable,19,31,24
Kutumba (SC),18-29,204,Deceased,88,116,13.73
Kutumba (SC),30-44,863,Deceased,416,447,3.59
Kutumba (SC),45-60,"1,942",Deceased,869,"1,073",10.5
Kutumba (SC),61-75,"2,890",Deceased,"1,237","1,653",14.39
Kutumba (SC),75+,"2,101",Deceased,878,"1,223",16.42
Kutumba (SC),18-29,912,Duplicate enrolment,458,454,-0.44
Kutumba (SC),30-44,"1,363",Duplicate enrolment,716,647,-5.06
Kutumba (SC),45-60,601,Duplicate enrolment,296,305,1.5
Kutumba (SC),61-75,197,Duplicate enrolment,88,109,10.66
Kutumba (SC),75+,46,Duplicate enrolment,16,30,30.43
Kutumba (SC),18-29,"2,661",Permanently shifted,613,"2,048",53.93
Kutumba (SC),30-44,"3,750",Permanently shifted,"1,479","2,271",21.12
Kutumba (SC),45-60,"2,660",Permanently shifted,"1,358","1,302",-2.11
Kutumba (SC),61-75,879,Permanently shifted,420,459,4.44
Kutumba (SC),75+,245,Permanently shifted,112,133,8.57
Kutumba (SC),18-29,667,Untraceable,301,366,9.75
Kutumba (SC),30-44,974,Untraceable,449,525,7.8
Kutumba (SC),45-60,610,Untraceable,304,306,0.33
Kutumba (SC),61-75,238,Untraceable,104,134,12.61
Kutumba (SC),75+,75,Untraceable,28,47,25.33
Aurangabad,18-29,230,Deceased,109,121,5.22
Aurangabad,30-44,813,Deceased,398,415,2.09
Aurangabad,45-60,"1,648",Deceased,792,856,3.88
Aurangabad,61-75,"2,568",Deceased,"1,109","1,459",13.63
Aurangabad,75+,"1,795",Deceased,825,970,8.08
Aurangabad,18-29,680,Duplicate enrolment,326,354,4.12
Aurangabad,30-44,"1,106",Duplicate enrolment,594,512,-7.41
Aurangabad,45-60,537,Duplicate enrolment,267,270,0.56
Aurangabad,61-75,178,Duplicate enrolment,84,94,5.62
Aurangabad,75+,50,Duplicate enrolment,19,31,24
Aurangabad,18-29,"2,978",Permanently shifted,718,"2,260",51.78
Aurangabad,30-44,"5,350",Permanently shifted,"2,096","3,254",21.64
Aurangabad,45-60,"3,578",Permanently shifted,"1,740","1,838",2.74
Aurangabad,61-75,"1,347",Permanently shifted,707,640,-4.97
Aurangabad,75+,352,Permanently shifted,176,176,0
Aurangabad,18-29,"1,101",Untraceable,522,579,5.18
Aurangabad,30-44,"2,799",Untraceable,"1,324","1,475",5.39
Aurangabad,45-60,"1,901",Untraceable,979,922,-3
Aurangabad,61-75,721,Untraceable,361,360,-0.14
Aurangabad,75+,230,Untraceable,104,126,9.57
Rafiganj,18-29,310,Deceased,155,155,0
Rafiganj,30-44,"1,201",Deceased,549,652,8.58
Rafiganj,45-60,"2,459",Deceased,"1,122","1,337",8.74
Rafiganj,61-75,"3,606",Deceased,"1,556","2,050",13.7
Rafiganj,75+,"2,194",Deceased,939,"1,255",14.4
Rafiganj,18-29,929,Duplicate enrolment,442,487,4.84
Rafiganj,30-44,"1,857",Duplicate enrolment,"1,025",832,-10.39
Rafiganj,45-60,892,Duplicate enrolment,399,493,10.54
Rafiganj,61-75,281,Duplicate enrolment,120,161,14.59
Rafiganj,75+,63,Duplicate enrolment,19,44,39.68
Rafiganj,18-29,"2,423",Permanently shifted,596,"1,827",50.8
Rafiganj,30-44,"4,714",Permanently shifted,"1,877","2,837",20.36
Rafiganj,45-60,"3,544",Permanently shifted,"1,744","1,800",1.58
Rafiganj,61-75,"1,277",Permanently shifted,591,686,7.44
Rafiganj,75+,281,Permanently shifted,136,145,3.2
Rafiganj,18-29,394,Untraceable,185,209,6.09
Rafiganj,30-44,814,Untraceable,374,440,8.11
Rafiganj,45-60,632,Untraceable,332,300,-5.06
Rafiganj,61-75,267,Untraceable,125,142,6.37
Rafiganj,75+,63,Untraceable,26,37,17.46
Gurua,18-29,255,Deceased,115,140,9.8
Gurua,30-44,"1,029",Deceased,504,525,2.04
Gurua,45-60,"2,002",Deceased,961,"1,041",4
Gurua,61-75,"2,946",Deceased,"1,299","1,647",11.81
Gurua,75+,"2,033",Deceased,883,"1,150",13.13
Gurua,18-29,871,Duplicate enrolment,476,395,-9.3
Gurua,30-44,"1,774",Duplicate enrolment,938,836,-5.75
Gurua,45-60,770,Duplicate enrolment,326,444,15.32
Gurua,61-75,223,Duplicate enrolment,75,148,32.74
Gurua,75+,43,Duplicate enrolment,18,25,16.28
Gurua,18-29,"2,056",Permanently shifted,411,"1,645",60.02
Gurua,30-44,"3,573",Permanently shifted,"1,214","2,359",32.05
Gurua,45-60,"2,324",Permanently shifted,"1,091","1,233",6.11
Gurua,61-75,713,Permanently shifted,349,364,2.1
Gurua,75+,152,Permanently shifted,64,88,15.79
Gurua,18-29,870,Untraceable,451,419,-3.68
Gurua,30-44,837,Untraceable,362,475,13.5
Gurua,45-60,408,Untraceable,176,232,13.73
Gurua,61-75,159,Untraceable,63,96,20.75
Gurua,75+,40,Untraceable,18,22,10
Sherghati,18-29,219,Deceased,107,112,2.28
Sherghati,30-44,"1,023",Deceased,561,462,-9.68
Sherghati,45-60,"1,787",Deceased,893,894,0.06
Sherghati,61-75,"2,329",Deceased,"1,161","1,168",0.3
Sherghati,75+,"1,462",Deceased,650,812,11.08
Sherghati,18-29,737,Duplicate enrolment,388,349,-5.29
Sherghati,30-44,"1,277",Duplicate enrolment,633,644,0.86
Sherghati,45-60,566,Duplicate enrolment,261,305,7.77
Sherghati,61-75,169,Duplicate enrolment,76,93,10.06
Sherghati,75+,26,Duplicate enrolment,10,16,23.08
Sherghati,18-29,"1,839",Permanently shifted,400,"1,439",56.5
Sherghati,30-44,"3,508",Permanently shifted,"1,352","2,156",22.92
Sherghati,45-60,"2,248",Permanently shifted,"1,096","1,152",2.49
Sherghati,61-75,671,Permanently shifted,323,348,3.73
Sherghati,75+,144,Permanently shifted,72,72,0
Sherghati,18-29,687,Untraceable,329,358,4.22
Sherghati,30-44,773,Untraceable,282,491,27.04
Sherghati,45-60,384,Untraceable,185,199,3.65
Sherghati,61-75,137,Untraceable,57,80,16.79
Sherghati,75+,52,Untraceable,22,30,15.38
Imamganj (SC),18-29,299,Deceased,141,158,5.69
Imamganj (SC),30-44,"1,261",Deceased,690,571,-9.44
Imamganj (SC),45-60,"2,140",Deceased,"1,118","1,022",-4.49
Imamganj (SC),61-75,"2,827",Deceased,"1,372","1,455",2.94
Imamganj (SC),75+,"2,008",Deceased,838,"1,170",16.53
Imamganj (SC),18-29,"1,168",Duplicate enrolment,606,562,-3.77
Imamganj (SC),30-44,"2,333",Duplicate enrolment,"1,241","1,092",-6.39
Imamganj (SC),45-60,961,Duplicate enrolment,459,502,4.47
Imamganj (SC),61-75,307,Duplicate enrolment,138,169,10.1
Imamganj (SC),75+,60,Duplicate enrolment,28,32,6.67
Imamganj (SC),18-29,"2,618",Permanently shifted,593,"2,025",54.7
Imamganj (SC),30-44,"4,309",Permanently shifted,"1,680","2,629",22.02
Imamganj (SC),45-60,"2,572",Permanently shifted,"1,276","1,296",0.78
Imamganj (SC),61-75,793,Permanently shifted,376,417,5.17
Imamganj (SC),75+,164,Permanently shifted,82,82,0
Imamganj (SC),18-29,"1,006",Untraceable,448,558,10.93
Imamganj (SC),30-44,"1,623",Untraceable,678,945,16.45
Imamganj (SC),45-60,752,Untraceable,332,420,11.7
Imamganj (SC),61-75,286,Untraceable,126,160,11.89
Imamganj (SC),75+,107,Untraceable,41,66,23.36
Barachatti (SC),18-29,286,Deceased,143,143,0
Barachatti (SC),30-44,"1,309",Deceased,693,616,-5.88
Barachatti (SC),45-60,"2,340",Deceased,"1,267","1,073",-8.29
Barachatti (SC),61-75,"3,241",Deceased,"1,600","1,641",1.27
Barachatti (SC),75+,"2,269",Deceased,"1,030","1,239",9.21
Barachatti (SC),18-29,954,Duplicate enrolment,538,416,-12.79
Barachatti (SC),30-44,"1,935",Duplicate enrolment,948,987,2.02
Barachatti (SC),45-60,786,Duplicate enrolment,347,439,11.7
Barachatti (SC),61-75,248,Duplicate enrolment,104,144,16.13
Barachatti (SC),75+,54,Duplicate enrolment,20,34,25.93
Barachatti (SC),18-29,"2,247",Permanently shifted,493,"1,754",56.12
Barachatti (SC),30-44,"4,464",Permanently shifted,"1,719","2,745",22.98
Barachatti (SC),45-60,"2,437",Permanently shifted,"1,205","1,232",1.11
Barachatti (SC),61-75,656,Permanently shifted,304,352,7.32
Barachatti (SC),75+,159,Permanently shifted,65,94,18.24
Barachatti (SC),18-29,636,Untraceable,250,386,21.38
Barachatti (SC),30-44,"1,219",Untraceable,521,698,14.52
Barachatti (SC),45-60,585,Untraceable,264,321,9.74
Barachatti (SC),61-75,212,Untraceable,86,126,18.87
Barachatti (SC),75+,80,Untraceable,32,48,20
Bodh Gaya (SC),18-29,276,Deceased,144,132,-4.35
Bodh Gaya (SC),30-44,"1,145",Deceased,628,517,-9.69
Bodh Gaya (SC),45-60,"2,384",Deceased,"1,241","1,143",-4.11
Bodh Gaya (SC),61-75,"3,216",Deceased,"1,538","1,678",4.35
Bodh Gaya (SC),75+,"2,168",Deceased,"1,027","1,141",5.26
Bodh Gaya (SC),18-29,940,Duplicate enrolment,539,401,-14.68
Bodh Gaya (SC),30-44,"1,512",Duplicate enrolment,809,703,-7.01
Bodh Gaya (SC),45-60,581,Duplicate enrolment,241,340,17.04
Bodh Gaya (SC),61-75,150,Duplicate enrolment,54,96,28
Bodh Gaya (SC),75+,35,Duplicate enrolment,8,27,54.29
Bodh Gaya (SC),18-29,"1,176",Permanently shifted,225,951,61.73
Bodh Gaya (SC),30-44,"1,734",Permanently shifted,550,"1,184",36.56
Bodh Gaya (SC),45-60,956,Permanently shifted,456,500,4.6
Bodh Gaya (SC),61-75,215,Permanently shifted,111,104,-3.26
Bodh Gaya (SC),75+,63,Permanently shifted,32,31,-1.59
Bodh Gaya (SC),18-29,104,Untraceable,61,43,-17.31
Bodh Gaya (SC),30-44,70,Untraceable,35,35,0
Bodh Gaya (SC),45-60,35,Untraceable,20,15,-14.29
Bodh Gaya (SC),61-75,14,Untraceable,10,4,-42.86
Bodh Gaya (SC),75+,3,Untraceable,1,2,33.33
Gaya Town,18-29,117,Deceased,66,51,-12.82
Gaya Town,30-44,773,Deceased,459,314,-18.76
Gaya Town,45-60,"2,373",Deceased,"1,324","1,049",-11.59
Gaya Town,61-75,"3,153",Deceased,"1,693","1,460",-7.39
Gaya Town,75+,"1,737",Deceased,937,800,-7.89
Gaya Town,18-29,248,Duplicate enrolment,130,118,-4.84
Gaya Town,30-44,436,Duplicate enrolment,228,208,-4.59
Gaya Town,45-60,249,Duplicate enrolment,128,121,-2.81
Gaya Town,61-75,70,Duplicate enrolment,30,40,14.29
Gaya Town,75+,11,Duplicate enrolment,6,5,-9.09
Gaya Town,18-29,880,Permanently shifted,293,587,33.41
Gaya Town,30-44,"4,310",Permanently shifted,"1,663","2,647",22.83
Gaya Town,45-60,"3,152",Permanently shifted,"1,635","1,517",-3.74
Gaya Town,61-75,"1,017",Permanently shifted,559,458,-9.93
Gaya Town,75+,260,Permanently shifted,132,128,-1.54
Gaya Town,18-29,520,Untraceable,230,290,11.54
Gaya Town,30-44,"1,765",Untraceable,807,958,8.56
Gaya Town,45-60,"1,252",Untraceable,654,598,-4.47
Gaya Town,61-75,559,Untraceable,292,267,-4.47
Gaya Town,75+,183,Untraceable,94,89,-2.73
Tikari,18-29,370,Deceased,174,196,5.95
Tikari,30-44,"1,451",Deceased,694,757,4.34
Tikari,45-60,"3,476",Deceased,"1,598","1,878",8.06
Tikari,61-75,"4,631",Deceased,"2,131","2,500",7.97
Tikari,75+,"2,775",Deceased,"1,203","1,572",13.3
Tikari,18-29,735,Duplicate enrolment,404,331,-9.93
Tikari,30-44,"1,528",Duplicate enrolment,827,701,-8.25
Tikari,45-60,878,Duplicate enrolment,384,494,12.53
Tikari,61-75,212,Duplicate enrolment,85,127,19.81
Tikari,75+,41,Duplicate enrolment,16,25,21.95
Tikari,18-29,"2,699",Permanently shifted,632,"2,067",53.17
Tikari,30-44,"5,548",Permanently shifted,"2,040","3,508",26.46
Tikari,45-60,"4,173",Permanently shifted,"2,022","2,151",3.09
Tikari,61-75,"1,119",Permanently shifted,540,579,3.49
Tikari,75+,221,Permanently shifted,78,143,29.41
Tikari,18-29,567,Untraceable,256,311,9.7
Tikari,30-44,"1,236",Untraceable,566,670,8.41
Tikari,45-60,921,Untraceable,428,493,7.06
Tikari,61-75,257,Untraceable,116,141,9.73
Tikari,75+,66,Untraceable,28,38,15.15
Belaganj,18-29,233,Deceased,122,111,-4.72
Belaganj,30-44,"1,198",Deceased,648,550,-8.18
Belaganj,45-60,"2,709",Deceased,"1,382","1,327",-2.03
Belaganj,61-75,"3,102",Deceased,"1,434","1,668",7.54
Belaganj,75+,"1,900",Deceased,852,"1,048",10.32
Belaganj,18-29,771,Duplicate enrolment,448,323,-16.21
Belaganj,30-44,"1,918",Duplicate enrolment,"1,030",888,-7.4
Belaganj,45-60,932,Duplicate enrolment,429,503,7.94
Belaganj,61-75,231,Duplicate enrolment,107,124,7.36
Belaganj,75+,47,Duplicate enrolment,24,23,-2.13
Belaganj,18-29,"1,868",Permanently shifted,532,"1,336",43.04
Belaganj,30-44,"4,534",Permanently shifted,"1,679","2,855",25.94
Belaganj,45-60,"3,076",Permanently shifted,"1,443","1,633",6.18
Belaganj,61-75,852,Permanently shifted,421,431,1.17
Belaganj,75+,168,Permanently shifted,66,102,21.43
Belaganj,18-29,866,Untraceable,423,443,2.31
Belaganj,30-44,"1,615",Untraceable,684,931,15.29
Belaganj,45-60,918,Untraceable,399,519,13.07
Belaganj,61-75,293,Untraceable,122,171,16.72
Belaganj,75+,91,Untraceable,27,64,40.66
Atri,18-29,284,Deceased,138,146,2.82
Atri,30-44,"1,172",Deceased,577,595,1.54
Atri,45-60,"2,230",Deceased,"1,040","1,190",6.73
Atri,61-75,"2,888",Deceased,"1,390","1,498",3.74
Atri,75+,"1,733",Deceased,816,917,5.83
Atri,18-29,650,Duplicate enrolment,370,280,-13.85
Atri,30-44,"1,440",Duplicate enrolment,787,653,-9.31
Atri,45-60,696,Duplicate enrolment,342,354,1.72
Atri,61-75,222,Duplicate enrolment,97,125,12.61
Atri,75+,38,Duplicate enrolment,19,19,0
Atri,18-29,"1,629",Permanently shifted,411,"1,218",49.54
Atri,30-44,"3,871",Permanently shifted,"1,419","2,452",26.69
Atri,45-60,"2,271",Permanently shifted,"1,105","1,166",2.69
Atri,61-75,634,Permanently shifted,293,341,7.57
Atri,75+,150,Permanently shifted,79,71,-5.33
Atri,18-29,290,Untraceable,154,136,-6.21
Atri,30-44,698,Untraceable,343,355,1.72
Atri,45-60,421,Untraceable,196,225,6.89
Atri,61-75,137,Untraceable,66,71,3.65
Atri,75+,32,Untraceable,16,16,0
Wazirganj,18-29,286,Deceased,165,121,-15.38
Wazirganj,30-44,"1,452",Deceased,789,663,-8.68
Wazirganj,45-60,"2,903",Deceased,"1,430","1,473",1.48
Wazirganj,61-75,"3,504",Deceased,"1,674","1,830",4.45
Wazirganj,75+,"1,977",Deceased,898,"1,079",9.16
Wazirganj,18-29,709,Duplicate enrolment,439,270,-23.84
Wazirganj,30-44,"1,793",Duplicate enrolment,993,800,-10.76
Wazirganj,45-60,791,Duplicate enrolment,340,451,14.03
Wazirganj,61-75,249,Duplicate enrolment,104,145,16.47
Wazirganj,75+,46,Duplicate enrolment,21,25,8.7
Wazirganj,18-29,"2,141",Permanently shifted,611,"1,530",42.92
Wazirganj,30-44,"5,518",Permanently shifted,"2,003","3,515",27.4
Wazirganj,45-60,"3,182",Permanently shifted,"1,559","1,623",2.01
Wazirganj,61-75,821,Permanently shifted,405,416,1.34
Wazirganj,75+,225,Permanently shifted,85,140,24.44
Wazirganj,18-29,243,Untraceable,110,133,9.47
Wazirganj,30-44,701,Untraceable,318,383,9.27
Wazirganj,45-60,426,Untraceable,208,218,2.35
Wazirganj,61-75,148,Untraceable,63,85,14.86
Wazirganj,75+,46,Untraceable,17,29,26.09
Rajauli (SC),18-29,179,Deceased,97,82,-8.38
Rajauli (SC),30-44,931,Deceased,534,397,-14.72
Rajauli (SC),45-60,"2,157",Deceased,"1,128","1,029",-4.59
Rajauli (SC),61-75,"2,966",Deceased,"1,541","1,425",-3.91
Rajauli (SC),75+,"2,039",Deceased,940,"1,099",7.8
Rajauli (SC),18-29,700,Duplicate enrolment,404,296,-15.43
Rajauli (SC),30-44,"1,379",Duplicate enrolment,745,634,-8.05
Rajauli (SC),45-60,762,Duplicate enrolment,358,404,6.04
Rajauli (SC),61-75,184,Duplicate enrolment,87,97,5.43
Rajauli (SC),75+,48,Duplicate enrolment,23,25,4.17
Rajauli (SC),18-29,"1,288",Permanently shifted,345,943,46.43
Rajauli (SC),30-44,"2,760",Permanently shifted,"1,077","1,683",21.96
Rajauli (SC),45-60,"2,016",Permanently shifted,996,"1,020",1.19
Rajauli (SC),61-75,656,Permanently shifted,336,320,-2.44
Rajauli (SC),75+,172,Permanently shifted,71,101,17.44
Rajauli (SC),18-29,469,Untraceable,238,231,-1.49
Rajauli (SC),30-44,796,Untraceable,398,398,0
Rajauli (SC),45-60,542,Untraceable,270,272,0.37
Rajauli (SC),61-75,190,Untraceable,85,105,10.53
Rajauli (SC),75+,55,Untraceable,18,37,34.55
Hisua,18-29,255,Deceased,144,111,-12.94
Hisua,30-44,"1,450",Deceased,810,640,-11.72
Hisua,45-60,"3,450",Deceased,"1,815","1,635",-5.22
Hisua,61-75,"5,204",Deceased,"2,771","2,433",-6.5
Hisua,75+,"4,307",Deceased,"2,129","2,178",1.14
Hisua,18-29,"1,179",Duplicate enrolment,674,505,-14.33
Hisua,30-44,"2,660",Duplicate enrolment,"1,480","1,180",-11.28
Hisua,45-60,"1,462",Duplicate enrolment,726,736,0.68
Hisua,61-75,446,Duplicate enrolment,213,233,4.48
Hisua,75+,163,Duplicate enrolment,62,101,23.93
Hisua,18-29,"2,313",Permanently shifted,766,"1,547",33.77
Hisua,30-44,"5,414",Permanently shifted,"2,030","3,384",25.01
Hisua,45-60,"4,229",Permanently shifted,"2,039","2,190",3.57
Hisua,61-75,"1,485",Permanently shifted,735,750,1.01
Hisua,75+,415,Permanently shifted,179,236,13.73
Hisua,18-29,618,Untraceable,307,311,0.65
Hisua,30-44,981,Untraceable,445,536,9.28
Hisua,45-60,816,Untraceable,402,414,1.47
Hisua,61-75,366,Untraceable,163,203,10.93
Hisua,75+,97,Untraceable,51,46,-5.15
Nawada,18-29,167,Deceased,93,74,-11.38
Nawada,30-44,828,Deceased,476,352,-14.98
Nawada,45-60,"1,874",Deceased,990,884,-5.66
Nawada,61-75,"2,894",Deceased,"1,569","1,325",-8.43
Nawada,75+,"2,461",Deceased,"1,284","1,177",-4.35
Nawada,18-29,577,Duplicate enrolment,334,243,-15.77
Nawada,30-44,"1,057",Duplicate enrolment,600,457,-13.53
Nawada,45-60,627,Duplicate enrolment,310,317,1.12
Nawada,61-75,211,Duplicate enrolment,100,111,5.21
Nawada,75+,69,Duplicate enrolment,30,39,13.04
Nawada,18-29,"1,111",Permanently shifted,386,725,30.51
Nawada,30-44,"2,458",Permanently shifted,901,"1,557",26.69
Nawada,45-60,"1,844",Permanently shifted,924,920,-0.22
Nawada,61-75,592,Permanently shifted,322,270,-8.78
Nawada,75+,183,Permanently shifted,89,94,2.73
Nawada,18-29,339,Untraceable,203,136,-19.76
Nawada,30-44,505,Untraceable,246,259,2.57
Nawada,45-60,445,Untraceable,263,182,-18.2
Nawada,61-75,175,Untraceable,80,95,8.57
Nawada,75+,80,Untraceable,43,37,-7.5
Gobindpur,18-29,215,Deceased,107,108,0.47
Gobindpur,30-44,"1,139",Deceased,645,494,-13.26
Gobindpur,45-60,"2,495",Deceased,"1,310","1,185",-5.01
Gobindpur,61-75,"3,704",Deceased,"1,889","1,815",-2
Gobindpur,75+,"3,099",Deceased,"1,440","1,659",7.07
Gobindpur,18-29,698,Duplicate enrolment,379,319,-8.6
Gobindpur,30-44,"1,497",Duplicate enrolment,811,686,-8.35
Gobindpur,45-60,831,Duplicate enrolment,386,445,7.1
Gobindpur,61-75,248,Duplicate enrolment,113,135,8.87
Gobindpur,75+,65,Duplicate enrolment,21,44,35.38
Gobindpur,18-29,"1,564",Permanently shifted,400,"1,164",48.85
Gobindpur,30-44,"4,006",Permanently shifted,"1,605","2,401",19.87
Gobindpur,45-60,"2,910",Permanently shifted,"1,451","1,459",0.27
Gobindpur,61-75,"1,012",Permanently shifted,496,516,1.98
Gobindpur,75+,257,Permanently shifted,98,159,23.74
Gobindpur,18-29,224,Untraceable,99,125,11.61
Gobindpur,30-44,499,Untraceable,227,272,9.02
Gobindpur,45-60,326,Untraceable,157,169,3.68
Gobindpur,61-75,138,Untraceable,67,71,2.9
Gobindpur,75+,43,Untraceable,18,25,16.28
Warsaliganj,18-29,201,Deceased,117,84,-16.42
Warsaliganj,30-44,"1,181",Deceased,642,539,-8.72
Warsaliganj,45-60,"2,488",Deceased,"1,311","1,177",-5.39
Warsaliganj,61-75,"3,643",Deceased,"1,904","1,739",-4.53
Warsaliganj,75+,"2,906",Deceased,"1,427","1,479",1.79
Warsaliganj,18-29,880,Duplicate enrolment,520,360,-18.18
Warsaliganj,30-44,"2,062",Duplicate enrolment,"1,135",927,-10.09
Warsaliganj,45-60,"1,116",Duplicate enrolment,498,618,10.75
Warsaliganj,61-75,435,Duplicate enrolment,201,234,7.59
Warsaliganj,75+,103,Duplicate enrolment,43,60,16.5
Warsaliganj,18-29,"1,589",Permanently shifted,504,"1,085",36.56
Warsaliganj,30-44,"3,456",Permanently shifted,"1,177","2,279",31.89
Warsaliganj,45-60,"2,365",Permanently shifted,"1,166","1,199",1.4
Warsaliganj,61-75,897,Permanently shifted,455,442,-1.45
Warsaliganj,75+,239,Permanently shifted,115,124,3.77
Warsaliganj,18-29,376,Untraceable,182,194,3.19
Warsaliganj,30-44,699,Untraceable,357,342,-2.15
Warsaliganj,45-60,418,Untraceable,213,205,-1.91
Warsaliganj,61-75,175,Untraceable,77,98,12
Warsaliganj,75+,64,Untraceable,31,33,3.13
Sikandra (SC),18-29,251,Deceased,119,132,5.18
Sikandra (SC),30-44,983,Deceased,445,538,9.46
Sikandra (SC),45-60,"2,030",Deceased,921,"1,109",9.26
Sikandra (SC),61-75,"2,908",Deceased,"1,228","1,680",15.54
Sikandra (SC),75+,"1,770",Deceased,762,"1,008",13.9
Sikandra (SC),18-29,903,Duplicate enrolment,427,476,5.43
Sikandra (SC),30-44,"1,299",Duplicate enrolment,647,652,0.38
Sikandra (SC),45-60,708,Duplicate enrolment,302,406,14.69
Sikandra (SC),61-75,232,Duplicate enrolment,87,145,25
Sikandra (SC),75+,49,Duplicate enrolment,20,29,18.37
Sikandra (SC),18-29,"2,516",Permanently shifted,786,"1,730",37.52
Sikandra (SC),30-44,"3,840",Permanently shifted,"1,490","2,350",22.4
Sikandra (SC),45-60,"2,369",Permanently shifted,"1,122","1,247",5.28
Sikandra (SC),61-75,774,Permanently shifted,332,442,14.21
Sikandra (SC),75+,146,Permanently shifted,54,92,26.03
Sikandra (SC),18-29,729,Untraceable,316,413,13.31
Sikandra (SC),30-44,"1,235",Untraceable,586,649,5.1
Sikandra (SC),45-60,779,Untraceable,376,403,3.47
Sikandra (SC),61-75,276,Untraceable,130,146,5.8
Sikandra (SC),75+,63,Untraceable,28,35,11.11
Jamui,18-29,197,Deceased,104,93,-5.58
Jamui,30-44,798,Deceased,391,407,2.01
Jamui,45-60,"1,523",Deceased,702,821,7.81
Jamui,61-75,"2,569",Deceased,"1,129","1,440",12.11
Jamui,75+,"1,500",Deceased,642,858,14.4
Jamui,18-29,837,Duplicate enrolment,428,409,-2.27
Jamui,30-44,959,Duplicate enrolment,462,497,3.65
Jamui,45-60,463,Duplicate enrolment,196,267,15.33
Jamui,61-75,169,Duplicate enrolment,63,106,25.44
Jamui,75+,30,Duplicate enrolment,9,21,40
Jamui,18-29,"3,408",Permanently shifted,"1,075","2,333",36.91
Jamui,30-44,"6,539",Permanently shifted,"2,594","3,945",20.66
Jamui,45-60,"4,401",Permanently shifted,"2,222","2,179",-0.98
Jamui,61-75,"1,472",Permanently shifted,710,762,3.53
Jamui,75+,296,Permanently shifted,124,172,16.22
Jamui,18-29,368,Untraceable,179,189,2.72
Jamui,30-44,691,Untraceable,310,381,10.27
Jamui,45-60,442,Untraceable,221,221,0
Jamui,61-75,158,Untraceable,68,90,13.92
Jamui,75+,37,Untraceable,18,19,2.7
Jhajha,18-29,242,Deceased,104,138,14.05
Jhajha,30-44,860,Deceased,430,430,0
Jhajha,45-60,"1,342",Deceased,638,704,4.92
Jhajha,61-75,"2,234",Deceased,985,"1,249",11.82
Jhajha,75+,"1,247",Deceased,555,692,10.99
Jhajha,18-29,782,Duplicate enrolment,330,452,15.6
Jhajha,30-44,"1,087",Duplicate enrolment,521,566,4.14
Jhajha,45-60,436,Duplicate enrolment,197,239,9.63
Jhajha,61-75,172,Duplicate enrolment,66,106,23.26
Jhajha,75+,17,Duplicate enrolment,5,12,41.18
Jhajha,18-29,"2,131",Permanently shifted,604,"1,527",43.31
Jhajha,30-44,"3,733",Permanently shifted,"1,492","2,241",20.06
Jhajha,45-60,"2,043",Permanently shifted,971,"1,072",4.94
Jhajha,61-75,745,Permanently shifted,343,402,7.92
Jhajha,75+,140,Permanently shifted,55,85,21.43
Jhajha,18-29,528,Untraceable,218,310,17.42
Jhajha,30-44,682,Untraceable,317,365,7.04
Jhajha,45-60,357,Untraceable,158,199,11.48
Jhajha,61-75,144,Untraceable,52,92,27.78
Jhajha,75+,56,Untraceable,20,36,28.57
Chakai,18-29,285,Deceased,132,153,7.37
Chakai,30-44,973,Deceased,506,467,-4.01
Chakai,45-60,"1,821",Deceased,940,881,-3.24
Chakai,61-75,"2,662",Deceased,"1,302","1,360",2.18
Chakai,75+,"2,168",Deceased,"1,060","1,108",2.21
Chakai,18-29,984,Duplicate enrolment,476,508,3.25
Chakai,30-44,"1,038",Duplicate enrolment,532,506,-2.5
Chakai,45-60,435,Duplicate enrolment,187,248,14.02
Chakai,61-75,183,Duplicate enrolment,79,104,13.66
Chakai,75+,43,Duplicate enrolment,18,25,16.28
Chakai,18-29,"2,065",Permanently shifted,703,"1,362",31.91
Chakai,30-44,"3,338",Permanently shifted,"1,367","1,971",18.09
Chakai,45-60,"2,286",Permanently shifted,"1,093","1,193",4.37
Chakai,61-75,828,Permanently shifted,383,445,7.49
Chakai,75+,255,Permanently shifted,110,145,13.73
Chakai,18-29,772,Untraceable,346,426,10.36
Chakai,30-44,"1,010",Untraceable,444,566,12.08
Chakai,45-60,635,Untraceable,291,344,8.35
Chakai,61-75,244,Untraceable,100,144,18.03
Chakai,75+,106,Untraceable,40,66,24.53